{
"__comment":"Made by Know2Good, part of the 'Default 3D' resource pack || Official download page: http://www.planetminecraft.com/texture_pack/default-3d-2985741/ || © Know2Good. All rights reserved. ",
"__comment":"OK",

"parent": "block/generic_ore_0",

"textures": {
	"main": 	"know2good/blocks/stone/ore/stone/generic/35/main",
	"north": 	"know2good/blocks/stone/ore/stone/generic/35/north",
	"east": 	"know2good/blocks/stone/ore/stone/generic/35/east",
	"south": 	"know2good/blocks/stone/ore/stone/generic/35/south",
	"west": 	"know2good/blocks/stone/ore/stone/generic/35/west",
	"ore": 		"know2good/blocks/stone/ore/ore/coal/0/main",
	"particle": "know2good/blocks/stone/ore/stone/generic/35/main"
    }
}