{
"__comment":"Made by Know2Good, part of the 'Default 3D' resource pack || Official download page: http://www.planetminecraft.com/texture_pack/default-3d-2985741/ || © Know2Good. All rights reserved. ",
"__comment":"OK",

   "variants": {
       "": [
            { "model": "block/gui/table/fletching", "weight": 59 },
            { "model": "block/gui/table/fletching", "y": 90, "weight": 62 },
            { "model": "block/gui/table/fletching", "y": 180, "weight": 60 },
			{ "model": "block/gui/table/fletching", "y": 270, "weight": 61 }
        ]
    }
}
