{
"__comment":"Made by Know2Good, part of the 'Default 3D' resource pack || Official download page: http://www.planetminecraft.com/texture_pack/default-3d-2985741/ || © Know2Good. All rights reserved. ",
"__comment":"OK",

"parent": "block/generic_furnace",

"textures": {
	"top": 		"block/furnace_top",
	"front": 	"block/furnace_front",
	"side": 	"block/furnace_side",
	"inside": 	"know2good/blocks/stone/furnace/coal_block_lit",
	"coal": 	"know2good/blocks/stone/furnace/coal_block_lit_hot",
	"particle":	"block/furnace_front"
    }
}