{
"__comment":"Made by Know2Good, part of the 'Default 3D' resource pack || Official download page: http://www.planetminecraft.com/texture_pack/default-3d-2985741/ || © Know2Good. All rights reserved. ",
"__comment":"OK",

"parent": "block/block_display",

"elements":[
	{
		"__comment": "Block",
		"from": [0,0,0],
		"to": [16,16,16],
		"faces": {
			"down":{"uv":	[0,0,16,16],"texture":"#top","cullface":"down"},
			"up":{"uv":		[0,0,16,16],"texture":"#top","cullface":"up"},
			"south":{"uv":	[0,0,16,16],"texture":"#side","cullface":"south"},
			"west":{"uv":	[0,0,16,16],"texture":"#side","cullface":"west"},
			"east":{"uv":	[0,0,16,16],"texture":"#side","cullface":"east"}
		}
	},
	{
		"__comment": "Front top middle",
		"from": [4,12,0],
		"to": [12,16,1],
		"faces": {
			"down":{"uv":	[4.01,3.01,11.99,3.99],"texture":"#front","cullface":"north","rotation":180},
			"north":{"uv":	[4.01,0.01,11.99,3.99],"texture":"#front","cullface":"north"}
		}
	},
	{
		"__comment": "Front top middle left",
		"from": [11,11,0],
		"to": [12,12,1],
		"faces": {
			"down":{"uv":	[4.01,4.01,4.99,4.99],"texture":"#front","cullface":"north","rotation":180},
			"north":{"uv":	[4.01,4.01,4.99,4.99],"texture":"#front","cullface":"north"},
			"west":{"uv":	[4.01,4.01,4.99,4.99],"texture":"#front","cullface":"north"}
		}
	},
	{
		"__comment": "Front top middle right",
		"from": [4,11,0],
		"to": [5,12,1],
		"faces": {
			"down":{"uv":	[11.01,4.01,11.99,4.99],"texture":"#front","cullface":"north","rotation":180},
			"north":{"uv":	[11.01,4.01,11.99,4.99],"texture":"#front","cullface":"north"},
			"east":{"uv":	[11.01,4.01,11.99,4.99],"texture":"#front","cullface":"north"}
		}
	},
	{
		"__comment": "Front middle middle",
		"from": [4,5,0],
		"to": [12,9,1],
		"faces": {
			"down":{"uv":	[4.01,10.01,11.99,10.99],"texture":"#front","cullface":"north","rotation":180},
			"up":{"uv":		[4.01,7.01,11.99,7.99],"texture":"#front","cullface":"north","rotation":180},
			"north":{"uv":	[4.01,7.01,11.99,10.99],"texture":"#front","cullface":"north"}
		}
	},
	{
		"__comment": "Front middle left",
		"from": [10,4,0],
		"to": [12,5,1],
		"faces": {
			"down":{"uv":	[4.01,11.01,5.99,11.99],"texture":"#front","cullface":"north","rotation":180},
			"north":{"uv":	[4.01,11.01,5.99,11.99],"texture":"#front","cullface":"north","rotation":180},
			"west":{"uv":	[5.01,11.01,5.99,11.99],"texture":"#front","cullface":"north"}
		}
	},
	{
		"__comment": "Front middle right",
		"from": [4,4,0],
		"to": [6,5,1],
		"faces": {
			"down":{"uv":	[10.01,11.01,11.99,11.99],"texture":"#front","cullface":"north","rotation":180},
			"north":{"uv":	[10.01,11.01,11.99,11.99],"texture":"#front","cullface":"north","rotation":180},
			"east":{"uv":	[10.01,11.01,10.99,11.99],"texture":"#front","cullface":"north"}
		}
	},
	{
		"__comment": "Front bottom middle",
		"from": [3,0,0],
		"to": [13,1,1],
		"faces": {
			"up":{"uv":		[3.01,15.01,12.99,15.99],"texture":"#front","cullface":"north","rotation":180},
			"north":{"uv":	[3.01,15.01,12.99,15.99],"texture":"#front","cullface":"north"}
		}
	},
	{
		"__comment": "Front top left",
		"from": [12,3,0],
		"to": [16,16,1],
		"faces": {
			"down":{"uv":	[0.01,12.01,3.99,12.99],"texture":"#front","cullface":"north","rotation":180},
			"north":{"uv":	[0.01,0.01,3.99,12.99],"texture":"#front","cullface":"north"},
			"west":{"uv":	[3.01,0.01,3.99,12.99],"texture":"#front","cullface":"north"}
		}
	},
	{
		"__comment": "Front bottom left",
		"from": [13,0,0],
		"to": [16,3,1],
		"faces": {
			"north":{"uv":	[0.01,13.01,2.99,15.99],"texture":"#front","cullface":"north"},
			"west":{"uv":	[2.01,13.01,2.99,15.99],"texture":"#front","cullface":"north"}
		}
	},
	{
		"__comment": "Front top right",
		"from": [0,3,0],
		"to": [4,16,1],
		"faces": {
			"down":{"uv":	[3.99,12.01,0.01,12.99],"texture":"#front","cullface":"north","rotation":180},
			"north":{"uv":	[3.99,0.01,0.01,12.99],"texture":"#front","cullface":"north"},
			"east":{"uv":	[3.01,0.01,3.99,12.99],"texture":"#front","cullface":"north"}
		}
	},
	{
		"__comment": "Front bottom right",
		"from": [0,0,0],
		"to": [3,3,1],
		"faces": {
			"north":{"uv":	[2.99,13.01,0.01,15.99],"texture":"#front","cullface":"north"},
			"east":{"uv":	[2.01,13.01,2.99,15.99],"texture":"#front","cullface":"north"}
		}
	},
	{
		"__comment": "Inside",
		"from": [1,0.998,15],
		"to": [15,15,1],
		"faces": {
			"down":{"uv":	[0,0,16,16],"texture":"#inside","cullface":"north"},
			"up":{"uv":		[0,0,16,16],"texture":"#inside","cullface":"north"},
			"north":{"uv":	[0,1,16,15],"texture":"#inside","cullface":"north"},
			"west":{"uv":	[0,1,16,15],"texture":"#inside","cullface":"north"},
			"east":{"uv":	[0,1,16,15],"texture":"#inside","cullface":"north"}
		}
	},
	{
		"__comment": "Inside middle",
		"from": [0,6,0],
		"to": [16,8,15],
		"faces": {
			"down":{"uv":	[0,0,16,16],"texture":"#inside","cullface":"north"},
			"up":{"uv":		[0,0,16,16],"texture":"#inside","cullface":"north"}
		}
	},
	{
		"__comment":"Coal 1",
		"from":[2,1,5],
		"to":[5,2,7],
		"rotation": {"origin": [ 8, 1, 8 ], "axis": "y", "angle": -22.5 },
		"faces": {
			"up":{"uv":		[5.01,4.01,7.99,5.99],"texture":"#coal","cullface":"north"},
			"north":{"uv":	[5.01,4.01,7.99,4.99],"texture":"#coal","cullface":"north","rotation": 180},
			"west":{"uv":	[5.01,4.01,5.99,5.99],"texture":"#coal","cullface":"north","rotation": 270},
			"east":{"uv":	[7.01,4.01,7.99,5.99],"texture":"#coal","cullface":"north","rotation": 90}
		}
	},
	{
		"__comment":"Coal 2",
		"from":[8,1,7],
		"to":[11,2,9],
		"rotation": {"origin": [ 8, 1, 8 ], "axis": "y", "angle": 45 },
		"faces": {
			"up":{"uv":		[10.01,4.01,12.99,5.99],"texture":"#coal","cullface":"north"},
			"north":{"uv":	[10.01,4.01,12.99,4.99],"texture":"#coal","cullface":"north","rotation": 180},
			"west":{"uv":	[10.01,4.01,10.99,5.99],"texture":"#coal","cullface":"north","rotation": 270},
			"east":{"uv":	[12.01,4.01,12.99,5.99],"texture":"#coal","cullface":"north","rotation": 90}
		}
	},
	{
		"__comment":"Coal 3",
		"from":[6,1,2.5],
		"to":[9,2,4.5],
		"rotation": {"origin": [ 8, 1, 8 ], "axis": "y", "angle": -22.5 },
		"faces": {
			"up":{"uv":		[1.01,4.01,3.99,5.99],"texture":"#coal","cullface":"north"},
			"north":{"uv":	[1.01,4.01,3.99,4.99],"texture":"#coal","cullface":"north","rotation": 180},
			"west":{"uv":	[1.01,4.01,1.99,5.99],"texture":"#coal","cullface":"north","rotation": 270},
			"east":{"uv":	[3.01,4.01,3.99,5.99],"texture":"#coal","cullface":"north","rotation": 90}
		}
	},
	{
		"__comment":"Coal 4",
		"from":[6,2,4],
		"to":[9,3,6],
		"faces": {
			"up":{"uv":		[6.01,4.01,8.99,5.99],"texture":"#coal","cullface":"north"},
			"north":{"uv":	[6.01,4.01,8.99,4.99],"texture":"#coal","cullface":"north","rotation": 180},
			"west":{"uv":	[6.01,4.01,6.99,5.99],"texture":"#coal","cullface":"north","rotation": 270},
			"east":{"uv":	[8.01,4.01,8.99,5.99],"texture":"#coal","cullface":"north","rotation": 90}
            }
        }
    ]
}