{
"__comment":"Made by Know2Good, part of the 'Default 3D' resource pack || Official download page: http://www.planetminecraft.com/texture_pack/default-3d-2985741/ || © Know2Good. All rights reserved. ",
"__comment":"OK",

"parent": "block/block_display",

"elements": [ 
	{
		"__comment": "Block",
		"from": [0,0,0],
		"to": [16,16,16],
		"faces": {
			"down":		{"texture":"#main","cullface":"down"},
			"up":		{"texture":"#main","cullface":"up"},
			"north":	{"texture":"#north","cullface":"north"},
			"south":	{"texture":"#south","cullface":"south"},
			"west":		{"texture":"#west","cullface":"west"},
			"east":		{"texture":"#east","cullface":"east"}
		}
	},
	{
		"__comment":"Top 4,2 to 5,3",
		"from":[4,16,2],
		"to":[5,16.4,3],
		"faces": {
			"up":{"uv":		[4.01,2.01,4.99,2.99],"texture":"#ore","cullface":"up"},
			"north":{"uv":	[4.01,2.01,4.99,2.99],"texture":"#ore","cullface":"up","rotation":180},
			"south":{"uv":	[4.01,2.01,4.99,2.99],"texture":"#ore","cullface":"up"},
			"west":{"uv":	[4.01,2.01,4.99,2.99],"texture":"#ore","cullface":"up"},
			"east":{"uv":	[4.01,2.01,4.99,2.99],"texture":"#ore","cullface":"up"}
		}
	},
	{
		"__comment":"Top 12,2 to 14,3",
		"from":[12,16,2],
		"to":[14,16.5,3],
		"faces": {
			"up":{"uv":		[12.01,2.01,13.99,2.99],"texture":"#ore","cullface":"up"},
			"north":{"uv":	[12.01,2.01,13.99,2.99],"texture":"#ore","cullface":"up","rotation":180},
			"south":{"uv":	[12.01,2.01,13.99,2.99],"texture":"#ore","cullface":"up"},
			"west":{"uv":	[12.01,2.01,12.99,2.99],"texture":"#ore","cullface":"up"},
			"east":{"uv":	[13.01,2.01,13.99,2.99],"texture":"#ore","cullface":"up"}
		}
	},
	{
		"__comment":"Top 5,5 to 7,6",
		"from":[5,16,5],
		"to":[7,16.75,6],
		"faces": {
			"up":{"uv":		[5.01,5.01,6.99,5.99],"texture":"#ore","cullface":"up"},
			"north":{"uv":	[5.01,5.01,6.99,5.99],"texture":"#ore","cullface":"up","rotation":180},
			"west":{"uv":	[5.01,5.01,5.99,5.99],"texture":"#ore","cullface":"up"},
			"east":{"uv":	[6.01,5.01,6.99,5.99],"texture":"#ore","cullface":"up"}
		}
	},
	{
		"__comment":"Top 3,6 to 8,7",
		"from":[3,16,6],
		"to":[8,16.75,7],
		"faces": {
			"up":{"uv":		[3.01,6.01,7.99,6.99],"texture":"#ore","cullface":"up"},
			"north":{"uv":	[3.01,6.01,7.99,6.99],"texture":"#ore","cullface":"up","rotation":180},
			"south":{"uv":	[3.01,6.01,7.99,6.99],"texture":"#ore","cullface":"up"},
			"west":{"uv":	[3.01,6.01,3.99,6.99],"texture":"#ore","cullface":"up"},
			"east":{"uv":	[7.01,6.01,7.99,6.99],"texture":"#ore","cullface":"up"}
		}
	},
	{
		"__comment":"Top 10,5 to 12,7",
		"from":[10,16,5],
		"to":[12,16.5,7],
		"faces": {
			"up":{"uv":		[10.01,5.01,11.99,6.99],"texture":"#ore","cullface":"up"},
			"north":{"uv":	[10.01,5.01,11.99,5.99],"texture":"#ore","cullface":"up","rotation":180},
			"south":{"uv":	[10.01,6.01,11.99,6.99],"texture":"#ore","cullface":"up"},
			"west":{"uv":	[10.01,5.01,10.99,6.99],"texture":"#ore","cullface":"up","rotation":270},
			"east":{"uv":	[11.01,5.01,11.99,6.99],"texture":"#ore","cullface":"up","rotation":90}
		}
	},
	{
		"__comment":"Top 1,8 to 3,9",
		"from":[1,16,8],
		"to":[3,16.4,9],
		"faces": {
			"up":{"uv":		[1.01,8.01,2.99,8.99],"texture":"#ore","cullface":"up"},
			"north":{"uv":	[1.01,8.01,2.99,8.99],"texture":"#ore","cullface":"up","rotation":180},
			"south":{"uv":	[1.01,8.01,2.99,8.99],"texture":"#ore","cullface":"up"},
			"west":{"uv":	[1.01,8.01,1.99,8.99],"texture":"#ore","cullface":"up"},
			"east":{"uv":	[2.01,8.01,2.99,8.99],"texture":"#ore","cullface":"up"}
		}
	},
	{
		"__comment":"Top 8,8 to 10,9",
		"from":[8,16,8],
		"to":[10,16.4,9],
		"faces": {
			"up":{"uv":		[8.01,8.01,9.99,8.99],"texture":"#ore","cullface":"up"},
			"north":{"uv":	[8.01,8.01,9.99,8.99],"texture":"#ore","cullface":"up","rotation":180},
			"west":{"uv":	[8.01,8.01,8.99,8.99],"texture":"#ore","cullface":"up"},
			"east":{"uv":	[9.01,8.01,9.99,8.99],"texture":"#ore","cullface":"up"}
		}
	},
	{
		"__comment":"Top 7,9 to 1,10",
		"from":[7,16,9],
		"to":[11,16.4,10],
		"faces": {
			"up":{"uv":		[7.01,9.01,10.99,9.99],"texture":"#ore","cullface":"up"},
			"north":{"uv":	[7.01,9.01,10.99,9.99],"texture":"#ore","cullface":"up","rotation":180},
			"south":{"uv":	[7.01,9.01,10.99,9.99],"texture":"#ore","cullface":"up"},
			"west":{"uv":	[7.01,9.01,7.99,9.99],"texture":"#ore","cullface":"up"},
			"east":{"uv":	[10.01,9.01,10.99,9.99],"texture":"#ore","cullface":"up"}
		}
	},
	{
		"__comment":"Top 3,13 to 5,14",
		"from":[3,16,13],
		"to":[5,16.65,14],
		"faces": {
			"up":{"uv":		[3.01,13.01,4.99,13.99],"texture":"#ore","cullface":"up"},
			"north":{"uv":	[3.01,13.01,4.99,13.99],"texture":"#ore","cullface":"up","rotation":180},
			"south":{"uv":	[3.01,13.01,4.99,13.99],"texture":"#ore","cullface":"up"},
			"west":{"uv":	[3.01,13.01,3.99,13.99],"texture":"#ore","cullface":"up"},
			"east":{"uv":	[4.01,13.01,4.99,13.99],"texture":"#ore","cullface":"up"}
		}
	},
	{
		"__comment":"North 4,2 to 5,3",
		"from":[11,13,-0.4],
		"to":[12,14,0],
		"faces": {
			"up":{"uv":		[4.01,2.01,4.99,2.99],"texture":"#ore","cullface":"north"},
			"down":{"uv":	[4.01,2.01,4.99,2.99],"texture":"#ore","cullface":"north"},
			"north":{"uv":	[4.01,2.01,4.99,2.99],"texture":"#ore","cullface":"north"},
			"west":{"uv":	[4.01,2.01,4.99,2.99],"texture":"#ore","cullface":"north"},
			"east":{"uv":	[4.01,2.01,4.99,2.99],"texture":"#ore","cullface":"north"}
		}
	},
	{
		"__comment":"North 12,2 to 14,3",
		"from":[2,13,-0.5],
		"to":[4,14,0],
		"faces": {
			"up":{"uv":		[12.01,2.01,13.99,2.99],"texture":"#ore","cullface":"north","rotation":180},
			"down":{"uv":	[12.01,2.01,13.99,2.99],"texture":"#ore","cullface":"north","rotation":180},
			"north":{"uv":	[12.01,2.01,13.99,2.99],"texture":"#ore","cullface":"north"},
			"west":{"uv":	[13.01,2.01,13.99,2.99],"texture":"#ore","cullface":"north"},
			"east":{"uv":	[12.01,2.01,12.99,2.99],"texture":"#ore","cullface":"north"}
		}
	},
	{
		"__comment":"North 5,5 to 7,6",
		"from":[9,10,-0.75],
		"to":[11,11,0],
		"faces": {
			"up":{"uv":		[5.01,5.01,6.99,5.99],"texture":"#ore","cullface":"north","rotation":180},
			"north":{"uv":	[5.01,5.01,6.99,5.99],"texture":"#ore","cullface":"north"},
			"west":{"uv":	[6.01,5.01,6.99,5.99],"texture":"#ore","cullface":"north"},
			"east":{"uv":	[5.01,5.01,5.99,5.99],"texture":"#ore","cullface":"north"}
		}
	},
	{
		"__comment":"North 3,6 to 8,7",
		"from":[8,9,-0.75],
		"to":[13,10,0],
		"faces": {
			"up":{"uv":		[3.01,6.01,7.99,6.99],"texture":"#ore","cullface":"north","rotation":180},
			"down":{"uv":	[3.01,6.01,7.99,6.99],"texture":"#ore","cullface":"north","rotation":180},
			"north":{"uv":	[3.01,6.01,7.99,6.99],"texture":"#ore","cullface":"north"},
			"west":{"uv":	[7.01,6.01,7.99,6.99],"texture":"#ore","cullface":"north"},
			"east":{"uv":	[3.01,6.01,3.99,6.99],"texture":"#ore","cullface":"north"}
		}
	},
	{
		"__comment":"North 10,5 to 12,7",
		"from":[4,9,-0.5],
		"to":[6,11,0],
		"faces": {
			"up":{"uv":		[10.01,5.01,11.99,5.99],"texture":"#ore","cullface":"north","rotation":180},
			"down":{"uv":	[10.01,6.01,11.99,6.99],"texture":"#ore","cullface":"north","rotation":180},
			"north":{"uv":	[10.01,5.01,11.99,6.99],"texture":"#ore","cullface":"north"},
			"west":{"uv":	[11.01,5.01,11.99,6.99],"texture":"#ore","cullface":"north"},
			"east":{"uv":	[10.01,5.01,10.99,6.99],"texture":"#ore","cullface":"north"}
		}
	},
	{
		"__comment":"North 1,8 to 3,9",
		"from":[13,7,-0.4],
		"to":[15,8,0],
		"faces": {
			"up":{"uv":		[1.01,8.01,2.99,8.99],"texture":"#ore","cullface":"north","rotation":180},
			"down":{"uv":	[1.01,8.01,2.99,8.99],"texture":"#ore","cullface":"north","rotation":180},
			"north":{"uv":	[1.01,8.01,2.99,8.99],"texture":"#ore","cullface":"north"},
			"west":{"uv":	[2.01,8.01,2.99,8.99],"texture":"#ore","cullface":"north"},
			"east":{"uv":	[1.01,8.01,1.99,8.99],"texture":"#ore","cullface":"north"}
		}
	},
	{
		"__comment":"North 8,8 to 10,9",
		"from":[6,7,-0.4],
		"to":[8,8,0],
		"faces": {
			"up":{"uv":		[8.01,8.01,9.99,8.99],"texture":"#ore","cullface":"north","rotation":180},
			"north":{"uv":	[8.01,8.01,9.99,8.99],"texture":"#ore","cullface":"north"},
			"west":{"uv":	[9.01,8.01,9.99,8.99],"texture":"#ore","cullface":"north"},
			"east":{"uv":	[8.01,8.01,8.99,8.99],"texture":"#ore","cullface":"north"}
		}
	},
	{
		"__comment":"North 7,9 to 1,10",
		"from":[5,6,-0.4],
		"to":[9,7,0],
		"faces": {
			"up":{"uv":		[7.01,9.01,10.99,9.99],"texture":"#ore","cullface":"north","rotation":180},
			"down":{"uv":	[7.01,9.01,10.99,9.99],"texture":"#ore","cullface":"north","rotation":180},
			"north":{"uv":	[7.01,9.01,10.99,9.99],"texture":"#ore","cullface":"north"},
			"west":{"uv":	[10.01,9.01,10.99,9.99],"texture":"#ore","cullface":"north"},
			"east":{"uv":	[7.01,9.01,7.99,9.99],"texture":"#ore","cullface":"north"}
		}
	},
	{
		"__comment":"North 3,13 to 5,14",
		"from":[11,2,-0.65],
		"to":[13,3,0],
		"faces": {
			"up":{"uv":		[3.01,13.01,4.99,13.99],"texture":"#ore","cullface":"north","rotation":180},
			"down":{"uv":	[3.01,13.01,4.99,13.99],"texture":"#ore","cullface":"north","rotation":180},
			"north":{"uv":	[3.01,13.01,4.99,13.99],"texture":"#ore","cullface":"north"},
			"west":{"uv":	[4.01,13.01,4.99,13.99],"texture":"#ore","cullface":"north"},
			"east":{"uv":	[3.01,13.01,3.99,13.99],"texture":"#ore","cullface":"north"}
		}
	},
	{
		"__comment":"East 4,2 to 5,3",
		"from":[16,13,11],
		"to":[16.4,14,12],
		"faces": {
			"up":{"uv":		[4.01,2.01,4.99,2.99],"texture":"#ore","cullface":"east","rotation":270},
			"down":{"uv":	[4.01,2.01,4.99,2.99],"texture":"#ore","cullface":"east","rotation":90},
			"north":{"uv":	[4.01,2.01,4.99,2.99],"texture":"#ore","cullface":"east"},
			"south":{"uv":	[4.01,2.01,4.99,2.99],"texture":"#ore","cullface":"east"},
			"east":{"uv":	[4.01,2.01,4.99,2.99],"texture":"#ore","cullface":"east"}
		}
	},
	{
		"__comment":"East 12,2 to 14,3",
		"from":[16,13,2],
		"to":[16.5,14,4],
		"faces": {
			"up":{"uv":		[12.01,2.01,13.99,2.99],"texture":"#ore","cullface":"east","rotation":270},
			"down":{"uv":	[12.01,2.01,13.99,2.99],"texture":"#ore","cullface":"east","rotation":90},
			"north":{"uv":	[13.01,2.01,13.99,2.99],"texture":"#ore","cullface":"east"},
			"south":{"uv":	[12.01,2.01,12.99,2.99],"texture":"#ore","cullface":"east"},
			"east":{"uv":	[12.01,2.01,13.99,2.99],"texture":"#ore","cullface":"east"}
		}
	},
	{
		"__comment":"East 5,5 to 7,6",
		"from":[16,10,9],
		"to":[16.75,11,11],
		"faces": {
			"up":{"uv":		[5.01,5.01,6.99,5.99],"texture":"#ore","cullface":"east","rotation":270},
			"north":{"uv":	[6.01,5.01,6.99,5.99],"texture":"#ore","cullface":"east"},
			"south":{"uv":	[5.01,5.01,5.99,5.99],"texture":"#ore","cullface":"east"},
			"east":{"uv":	[5.01,5.01,6.99,5.99],"texture":"#ore","cullface":"east"}
		}
	},
	{
		"__comment":"East 3,6 to 8,7",
		"from":[16,9,8],
		"to":[16.75,10,13],
		"faces": {
			"up":{"uv":		[3.01,6.01,7.99,6.99],"texture":"#ore","cullface":"east","rotation":270},
			"down":{"uv":	[3.01,6.01,7.99,6.99],"texture":"#ore","cullface":"east","rotation":90},
			"north":{"uv":	[7.01,6.01,7.99,6.99],"texture":"#ore","cullface":"east"},
			"south":{"uv":	[3.01,6.01,3.99,6.99],"texture":"#ore","cullface":"east"},
			"east":{"uv":	[3.01,6.01,7.99,6.99],"texture":"#ore","cullface":"east"}
		}
	},
	{
		"__comment":"East 10,5 to 12,7",
		"from":[16,9,4],
		"to":[16.5,11,6],
		"faces": {
			"up":{"uv":		[10.01,5.01,11.99,5.99],"texture":"#ore","cullface":"east","rotation":270},
			"down":{"uv":	[10.01,6.01,11.99,6.99],"texture":"#ore","cullface":"east","rotation":90},
			"north":{"uv":	[11.01,5.01,11.99,6.99],"texture":"#ore","cullface":"east"},
			"south":{"uv":	[10.01,5.01,10.99,6.99],"texture":"#ore","cullface":"east"},
			"east":{"uv":	[10.01,5.01,11.99,6.99],"texture":"#ore","cullface":"east"}
		}
	},
	{
		"__comment":"East 1,8 to 3,9",
		"from":[16,7,13],
		"to":[16.4,8,15],
		"faces": {
			"up":{"uv":		[1.01,8.01,2.99,8.99],"texture":"#ore","cullface":"east","rotation":270},
			"down":{"uv":	[1.01,8.01,2.99,8.99],"texture":"#ore","cullface":"east","rotation":90},
			"north":{"uv":	[2.01,8.01,2.99,8.99],"texture":"#ore","cullface":"east"},
			"south":{"uv":	[1.01,8.01,1.99,8.99],"texture":"#ore","cullface":"east"},
			"east":{"uv":	[1.01,8.01,2.99,8.99],"texture":"#ore","cullface":"east"}
		}
	},
	{
		"__comment":"East 8,8 to 10,9",
		"from":[16,7,6],
		"to":[16.4,8,8],
		"faces": {
			"up":{"uv":		[8.01,8.01,9.99,8.99],"texture":"#ore","cullface":"east","rotation":270},
			"north":{"uv":	[9.01,8.01,9.99,8.99],"texture":"#ore","cullface":"east"},
			"south":{"uv":	[8.01,8.01,8.99,8.99],"texture":"#ore","cullface":"east"},
			"east":{"uv":	[8.01,8.01,9.99,8.99],"texture":"#ore","cullface":"east"}
		}
	},
	{
		"__comment":"East 7,9 to 1,10",
		"from":[16,6,5],
		"to":[16.4,7,9],
		"faces": {
			"up":{"uv":		[7.01,9.01,10.99,9.99],"texture":"#ore","cullface":"east","rotation":270},
			"down":{"uv":	[7.01,9.01,10.99,9.99],"texture":"#ore","cullface":"east","rotation":90},
			"north":{"uv":	[10.01,9.01,10.99,9.99],"texture":"#ore","cullface":"east"},
			"south":{"uv":	[7.01,9.01,7.99,9.99],"texture":"#ore","cullface":"east"},
			"east":{"uv":	[7.01,9.01,10.99,9.99],"texture":"#ore","cullface":"east"}
		}
	},
	{
		"__comment":"East 3,13 to 5,14",
		"from":[16,2,11],
		"to":[16.65,3,13],
		"faces": {
			"up":{"uv":		[3.01,13.01,4.99,13.99],"texture":"#ore","cullface":"east","rotation":270},
			"down":{"uv":	[3.01,13.01,4.99,13.99],"texture":"#ore","cullface":"east","rotation":90},
			"north":{"uv":	[4.01,13.01,4.99,13.99],"texture":"#ore","cullface":"east"},
			"south":{"uv":	[3.01,13.01,3.99,13.99],"texture":"#ore","cullface":"east"},
			"east":{"uv":	[3.01,13.01,4.99,13.99],"texture":"#ore","cullface":"east"}
		}
	},
	{
		"__comment":"South 4,2 to 5,3",
		"from":[4,13,16],
		"to":[5,14,16.4],
		"faces": {
			"up":{"uv":		[4.01,2.01,4.99,2.99],"texture":"#ore","cullface":"south"},
			"down":{"uv":	[4.01,2.01,4.99,2.99],"texture":"#ore","cullface":"south"},
			"south":{"uv":	[4.01,2.01,4.99,2.99],"texture":"#ore","cullface":"south"},
			"west":{"uv":	[4.01,2.01,4.99,2.99],"texture":"#ore","cullface":"south"},
			"east":{"uv":	[4.01,2.01,4.99,2.99],"texture":"#ore","cullface":"south"}
		}
	},
	{
		"__comment":"South 12,2 to 14,3",
		"from":[12,13,16],
		"to":[14,14,16.5],
		"faces": {
			"up":{"uv":		[12.01,2.01,13.99,2.99],"texture":"#ore","cullface":"south"},
			"down":{"uv":	[12.01,2.01,13.99,2.99],"texture":"#ore","cullface":"south"},
			"south":{"uv":	[12.01,2.01,13.99,2.99],"texture":"#ore","cullface":"south"},
			"west":{"uv":	[12.01,2.01,12.99,2.99],"texture":"#ore","cullface":"south"},
			"east":{"uv":	[13.01,2.01,13.99,2.99],"texture":"#ore","cullface":"south"}
		}
	},
	{
		"__comment":"South 5,5 to 7,6",
		"from":[5,10,16],
		"to":[7,11,16.75],
		"faces": {
			"up":{"uv":		[5.01,5.01,6.99,5.99],"texture":"#ore","cullface":"south"},
			"south":{"uv":	[5.01,5.01,6.99,5.99],"texture":"#ore","cullface":"south"},
			"west":{"uv":	[5.01,5.01,5.99,5.99],"texture":"#ore","cullface":"south"},
			"east":{"uv":	[6.01,5.01,6.99,5.99],"texture":"#ore","cullface":"south"}
		}
	},
	{
		"__comment":"South 3,6 to 8,7",
		"from":[3,9,16],
		"to":[8,10,16.75],
		"faces": {
			"up":{"uv":		[3.01,6.01,7.99,6.99],"texture":"#ore","cullface":"south"},
			"down":{"uv":	[3.01,6.01,7.99,6.99],"texture":"#ore","cullface":"south"},
			"south":{"uv":	[3.01,6.01,7.99,6.99],"texture":"#ore","cullface":"south"},
			"west":{"uv":	[3.01,6.01,3.99,6.99],"texture":"#ore","cullface":"south"},
			"east":{"uv":	[7.01,6.01,7.99,6.99],"texture":"#ore","cullface":"south"}
		}
	},
	{
		"__comment":"South 10,5 to 12,7",
		"from":[10,9,16],
		"to":[12,11,16.5],
		"faces": {
			"up":{"uv":		[10.01,5.01,11.99,5.99],"texture":"#ore","cullface":"south"},
			"down":{"uv":	[10.01,6.01,11.99,6.99],"texture":"#ore","cullface":"south"},
			"south":{"uv":	[10.01,5.01,11.99,6.99],"texture":"#ore","cullface":"south"},
			"west":{"uv":	[10.01,5.01,10.99,6.99],"texture":"#ore","cullface":"south"},
			"east":{"uv":	[11.01,5.01,11.99,6.99],"texture":"#ore","cullface":"south"}
		}
	},
	{
		"__comment":"South 1,8 to 3,9",
		"from":[1,7,16],
		"to":[3,8,16.4],
		"faces": {
			"up":{"uv":		[1.01,8.01,2.99,8.99],"texture":"#ore","cullface":"south"},
			"down":{"uv":	[1.01,8.01,2.99,8.99],"texture":"#ore","cullface":"south"},
			"south":{"uv":	[1.01,8.01,2.99,8.99],"texture":"#ore","cullface":"south"},
			"west":{"uv":	[1.01,8.01,1.99,8.99],"texture":"#ore","cullface":"south"},
			"east":{"uv":	[2.01,8.01,2.99,8.99],"texture":"#ore","cullface":"south"}
		}
	},
	{
		"__comment":"South 8,8 to 10,9",
		"from":[8,7,16],
		"to":[10,8,16.4],
		"faces": {
			"up":{"uv":		[8.01,8.01,9.99,8.99],"texture":"#ore","cullface":"south"},
			"south":{"uv":	[8.01,8.01,9.99,8.99],"texture":"#ore","cullface":"south"},
			"west":{"uv":	[8.01,8.01,8.99,8.99],"texture":"#ore","cullface":"south"},
			"east":{"uv":	[9.01,8.01,9.99,8.99],"texture":"#ore","cullface":"south"}
		}
	},
	{
		"__comment":"South 7,9 to 1,10",
		"from":[7,6,16],
		"to":[11,7,16.4],
		"faces": {
			"up":{"uv":		[7.01,9.01,10.99,9.99],"texture":"#ore","cullface":"south"},
			"down":{"uv":	[7.01,9.01,10.99,9.99],"texture":"#ore","cullface":"south"},
			"south":{"uv":	[7.01,9.01,10.99,9.99],"texture":"#ore","cullface":"south"},
			"west":{"uv":	[7.01,9.01,7.99,9.99],"texture":"#ore","cullface":"south"},
			"east":{"uv":	[10.01,9.01,10.99,9.99],"texture":"#ore","cullface":"south"}
		}
	},
	{
		"__comment":"South 3,13 to 5,14",
		"from":[3,2,16],
		"to":[5,3,16.65],
		"faces": {
			"up":{"uv":		[3.01,13.01,4.99,13.99],"texture":"#ore","cullface":"south"},
			"down":{"uv":	[3.01,13.01,4.99,13.99],"texture":"#ore","cullface":"south"},
			"south":{"uv":	[3.01,13.01,4.99,13.99],"texture":"#ore","cullface":"south"},
			"west":{"uv":	[3.01,13.01,3.99,13.99],"texture":"#ore","cullface":"south"},
			"east":{"uv":	[4.01,13.01,4.99,13.99],"texture":"#ore","cullface":"south"}
		}
	},
	{
		"__comment":"West 4,2 to 5,3",
		"from":[-0.4,13,4],
		"to":[0,14,5],
		"faces": {
			"up":{"uv":		[4.01,2.01,4.99,2.99],"texture":"#ore","cullface":"west","rotation":90},
			"down":{"uv":	[4.01,2.01,4.99,2.99],"texture":"#ore","cullface":"west","rotation":270},
			"north":{"uv":	[4.01,2.01,4.99,2.99],"texture":"#ore","cullface":"west"},
			"south":{"uv":	[4.01,2.01,4.99,2.99],"texture":"#ore","cullface":"west"},
			"west":{"uv":	[4.01,2.01,4.99,2.99],"texture":"#ore","cullface":"west"}
		}
	},
	{
		"__comment":"West 12,2 to 14,3",
		"from":[-0.5,13,12],
		"to":[0,14,14],
		"faces": {
			"up":{"uv":		[12.01,2.01,13.99,2.99],"texture":"#ore","cullface":"west","rotation":90},
			"down":{"uv":	[12.01,2.01,13.99,2.99],"texture":"#ore","cullface":"west","rotation":270},
			"north":{"uv":	[12.01,2.01,12.99,2.99],"texture":"#ore","cullface":"west"},
			"south":{"uv":	[13.01,2.01,13.99,2.99],"texture":"#ore","cullface":"west"},
			"west":{"uv":	[12.01,2.01,13.99,2.99],"texture":"#ore","cullface":"west"}
		}
	},
	{
		"__comment":"West 5,5 to 7,6",
		"from":[-0.75,10,5],
		"to":[0,11,7],
		"faces": {
			"up":{"uv":		[5.01,5.01,6.99,5.99],"texture":"#ore","cullface":"west","rotation":90},
			"north":{"uv":	[5.01,5.01,5.99,5.99],"texture":"#ore","cullface":"west"},
			"south":{"uv":	[6.01,5.01,6.99,5.99],"texture":"#ore","cullface":"west"},
			"west":{"uv":	[5.01,5.01,6.99,5.99],"texture":"#ore","cullface":"west"}
		}
	},
	{
		"__comment":"West 3,6 to 8,7",
		"from":[-0.75,9,3],
		"to":[0,10,8],
		"faces": {
			"up":{"uv":		[3.01,6.01,7.99,6.99],"texture":"#ore","cullface":"west","rotation":90},
			"down":{"uv":	[3.01,6.01,7.99,6.99],"texture":"#ore","cullface":"west","rotation":270},
			"north":{"uv":	[3.01,6.01,3.99,6.99],"texture":"#ore","cullface":"west"},
			"south":{"uv":	[7.01,6.01,7.99,6.99],"texture":"#ore","cullface":"west"},
			"west":{"uv":	[3.01,6.01,7.99,6.99],"texture":"#ore","cullface":"west"}
		}
	},
	{
		"__comment":"West 10,5 to 12,7",
		"from":[-0.5,9,10],
		"to":[0,11,12],
		"faces": {
			"up":{"uv":		[10.01,5.01,11.99,5.99],"texture":"#ore","cullface":"west","rotation":90},
			"down":{"uv":	[10.01,6.01,11.99,6.99],"texture":"#ore","cullface":"west","rotation":270},
			"north":{"uv":	[10.01,5.01,10.99,6.99],"texture":"#ore","cullface":"west"},
			"south":{"uv":	[11.01,5.01,11.99,6.99],"texture":"#ore","cullface":"west"},
			"west":{"uv":	[10.01,5.01,11.99,6.99],"texture":"#ore","cullface":"west"}
		}
	},
	{
		"__comment":"West 1,8 to 3,9",
		"from":[-0.4,7,1],
		"to":[0,8,3],
		"faces": {
			"up":{"uv":		[1.01,8.01,2.99,8.99],"texture":"#ore","cullface":"west","rotation":90},
			"down":{"uv":	[1.01,8.01,2.99,8.99],"texture":"#ore","cullface":"west","rotation":270},
			"north":{"uv":	[1.01,8.01,1.99,8.99],"texture":"#ore","cullface":"west"},
			"south":{"uv":	[2.01,8.01,2.99,8.99],"texture":"#ore","cullface":"west"},
			"west":{"uv":	[1.01,8.01,2.99,8.99],"texture":"#ore","cullface":"west"}
		}
	},
	{
		"__comment":"West 8,8 to 10,9",
		"from":[-0.4,7,8],
		"to":[0,8,10],
		"faces": {
			"up":{"uv":		[8.01,8.01,9.99,8.99],"texture":"#ore","cullface":"west","rotation":90},
			"north":{"uv":	[8.01,8.01,8.99,8.99],"texture":"#ore","cullface":"west"},
			"south":{"uv":	[9.01,8.01,9.99,8.99],"texture":"#ore","cullface":"west"},
			"west":{"uv":	[8.01,8.01,9.99,8.99],"texture":"#ore","cullface":"west"}
		}
	},
	{
		"__comment":"West 7,9 to 1,10",
		"from":[-0.4,6,7],
		"to":[0,7,11],
		"faces": {
			"up":{"uv":		[7.01,9.01,10.99,9.99],"texture":"#ore","cullface":"west","rotation":90},
			"down":{"uv":	[7.01,9.01,10.99,9.99],"texture":"#ore","cullface":"west","rotation":270},
			"north":{"uv":	[7.01,9.01,7.99,9.99],"texture":"#ore","cullface":"west"},
			"south":{"uv":	[10.01,9.01,10.99,9.99],"texture":"#ore","cullface":"west"},
			"west":{"uv":	[7.01,9.01,10.99,9.99],"texture":"#ore","cullface":"west"}
		}
	},
	{
		"__comment":"West 3,10 to 5,11",
		"from":[-0.5,2,3],
		"to":[0,3,5],
		"faces": {
			"up":{"uv":		[3.01,13.01,4.99,13.99],"texture":"#ore","cullface":"west","rotation":90},
			"down":{"uv":	[3.01,13.01,4.99,13.99],"texture":"#ore","cullface":"west","rotation":270},
			"north":{"uv":	[3.01,13.01,3.99,13.99],"texture":"#ore","cullface":"west"},
			"south":{"uv":	[4.01,13.01,4.99,13.99],"texture":"#ore","cullface":"west"},
			"west":{"uv":	[3.01,13.01,4.99,13.99],"texture":"#ore","cullface":"west"}
		}
	},
	{
		"__comment":"West 3,13 to 5,14",
		"from":[-0.75,4,11],
		"to":[0,5,13],
		"faces": {
			"up":{"uv":		[3.01,13.01,4.99,13.99],"texture":"#ore","cullface":"west","rotation":90},
			"north":{"uv":	[3.01,13.01,3.99,13.99],"texture":"#ore","cullface":"west"},
			"south":{"uv":	[4.01,13.01,4.99,13.99],"texture":"#ore","cullface":"west"},
			"west":{"uv":	[3.01,13.01,4.99,13.99],"texture":"#ore","cullface":"west"}
		}
	},
	{
		"__comment":"West 8,12 to 14,13",
		"from":[-0.75,3,8],
		"to":[0,4,14],
		"faces": {
			"up":{"uv":		[8.01,12.01,13.99,12.99],"texture":"#ore","cullface":"west","rotation":90},
			"down":{"uv":	[8.01,12.01,13.99,12.99],"texture":"#ore","cullface":"west","rotation":270},
			"north":{"uv":	[8.01,12.01,8.99,12.99],"texture":"#ore","cullface":"west"},
			"south":{"uv":	[13.01,12.01,13.99,12.99],"texture":"#ore","cullface":"west"},
			"west":{"uv":	[8.01,12.01,13.99,12.99],"texture":"#ore","cullface":"west"}
		}
	},
	{
		"__comment":"West 9,13 to 11,14",
		"from":[-0.75,2,9],
		"to":[0,3,11],
		"faces": {
			"down":{"uv":	[9.01,13.01,10.99,13.99],"texture":"#ore","cullface":"west","rotation":270},
			"north":{"uv":	[9.01,13.01,9.99,13.99],"texture":"#ore","cullface":"west"},
			"south":{"uv":	[10.01,13.01,10.99,13.99],"texture":"#ore","cullface":"west"},
			"west":{"uv":	[9.01,13.01,10.99,13.99],"texture":"#ore","cullface":"west"}
		}
	},
	{
		"__comment":"Bottom 4,2 to 5,3",
		"from":[4,-0.4,13],
		"to":[5,0,14],
		"faces": {
			"down":{"uv":	[4.01,2.01,4.99,2.99],"texture":"#ore","cullface":"down"},
			"north":{"uv":	[4.01,2.01,4.99,2.99],"texture":"#ore","cullface":"down"},
			"south":{"uv":	[4.01,2.01,4.99,2.99],"texture":"#ore","cullface":"down"},
			"west":{"uv":	[4.01,2.01,4.99,2.99],"texture":"#ore","cullface":"down"},
			"east":{"uv":	[4.01,2.01,4.99,2.99],"texture":"#ore","cullface":"down"}
		}
	},
	{
		"__comment":"Bottom 12,2 to 14,3",
		"from":[12,-0.5,13],
		"to":[14,0,14],
		"faces": {
			"down":{"uv":	[12.01,2.01,13.99,2.99],"texture":"#ore","cullface":"down"},
			"north":{"uv":	[12.01,2.01,13.99,2.99],"texture":"#ore","cullface":"down","rotation":180},
			"south":{"uv":	[12.01,2.01,13.99,2.99],"texture":"#ore","cullface":"down"},
			"west":{"uv":	[12.01,2.01,12.99,2.99],"texture":"#ore","cullface":"down"},
			"east":{"uv":	[13.01,2.01,13.99,2.99],"texture":"#ore","cullface":"down"}
		}
	},
	{
		"__comment":"Bottom 5,5 to 7,6",
		"from":[5,-0.75,10],
		"to":[7,0,11],
		"faces": {
			"down":{"uv":	[5.01,5.01,6.99,5.99],"texture":"#ore","cullface":"down"},
			"south":{"uv":	[5.01,5.01,6.99,5.99],"texture":"#ore","cullface":"down"},
			"west":{"uv":	[5.01,5.01,5.99,5.99],"texture":"#ore","cullface":"down"},
			"east":{"uv":	[6.01,5.01,6.99,5.99],"texture":"#ore","cullface":"down"}
		}
	},
	{
		"__comment":"Bottom 3,6 to 8,7",
		"from":[3,-0.75,9],
		"to":[8,0,10],
		"faces": {
			"down":{"uv":	[3.01,6.01,7.99,6.99],"texture":"#ore","cullface":"down"},
			"north":{"uv":	[3.01,6.01,7.99,6.99],"texture":"#ore","cullface":"down","rotation":180},
			"south":{"uv":	[3.01,6.01,7.99,6.99],"texture":"#ore","cullface":"down"},
			"west":{"uv":	[3.01,6.01,3.99,6.99],"texture":"#ore","cullface":"down"},
			"east":{"uv":	[7.01,6.01,7.99,6.99],"texture":"#ore","cullface":"down"}
		}
	},
	{
		"__comment":"Bottom 10,5 to 12,7",
		"from":[10,-0.5,9],
		"to":[12,0,11],
		"faces": {
			"down":{"uv":	[10.01,5.01,11.99,6.99],"texture":"#ore","cullface":"down"},
			"north":{"uv":	[10.01,6.01,11.99,6.99],"texture":"#ore","cullface":"down","rotation":180},
			"south":{"uv":	[10.01,5.01,11.99,5.99],"texture":"#ore","cullface":"down"},
			"west":{"uv":	[10.01,5.01,10.99,6.99],"texture":"#ore","cullface":"down","rotation":90},
			"east":{"uv":	[11.01,5.01,11.99,6.99],"texture":"#ore","cullface":"down","rotation":270}
		}
	},
	{
		"__comment":"Bottom 1,8 to 3,9",
		"from":[1,-0.4,7],
		"to":[3,0,8],
		"faces": {
			"down":{"uv":	[1.01,8.01,2.99,8.99],"texture":"#ore","cullface":"down"},
			"north":{"uv":	[1.01,8.01,2.99,8.99],"texture":"#ore","cullface":"down","rotation":180},
			"south":{"uv":	[1.01,8.01,2.99,8.99],"texture":"#ore","cullface":"down"},
			"west":{"uv":	[1.01,8.01,1.99,8.99],"texture":"#ore","cullface":"down"},
			"east":{"uv":	[2.01,8.01,2.99,8.99],"texture":"#ore","cullface":"down"}
		}
	},
	{
		"__comment":"Bottom 8,8 to 10,9",
		"from":[8,-0.4,7],
		"to":[10,0,8],
		"faces": {
			"down":{"uv":	[8.01,8.01,9.99,8.99],"texture":"#ore","cullface":"down"},
			"south":{"uv":	[8.01,8.01,9.99,8.99],"texture":"#ore","cullface":"down"},
			"west":{"uv":	[8.01,8.01,8.99,8.99],"texture":"#ore","cullface":"down"},
			"east":{"uv":	[9.01,8.01,9.99,8.99],"texture":"#ore","cullface":"down"}
		}
	},
	{
		"__comment":"Bottom 7,9 to 1,10",
		"from":[7,-0.4,6],
		"to":[11,0,7],
		"faces": {
			"down":{"uv":	[7.01,9.01,10.99,9.99],"texture":"#ore","cullface":"down"},
			"north":{"uv":	[7.01,9.01,10.99,9.99],"texture":"#ore","cullface":"down","rotation":180},
			"south":{"uv":	[7.01,9.01,10.99,9.99],"texture":"#ore","cullface":"down"},
			"west":{"uv":	[7.01,9.01,7.99,9.99],"texture":"#ore","cullface":"down"},
			"east":{"uv":	[10.01,9.01,10.99,9.99],"texture":"#ore","cullface":"down"}
		}
	},
	{
		"__comment":"Bottom 3,13 to 5,14",
		"from":[3,-0.5,2],
		"to":[5,0,3],
		"faces": {
			"down":{"uv":	[4.01,10.01,4.99,10.99],"texture":"#ore","cullface":"down"},
			"north":{"uv":	[4.01,10.01,4.99,10.99],"texture":"#ore","cullface":"down","rotation":180},
			"south":{"uv":	[4.01,10.01,4.99,10.99],"texture":"#ore","cullface":"down"},
			"west":{"uv":	[4.01,10.01,4.99,10.99],"texture":"#ore","cullface":"down"},
			"east":{"uv":	[4.01,10.01,4.99,10.99],"texture":"#ore","cullface":"down"}
             }
        }
    ]
}