{
"__comment":"Made by Know2Good, part of the 'Default 3D' resource pack || Official download page: http://www.planetminecraft.com/texture_pack/default-3d-2985741/ || © Know2Good. All rights reserved. ",
"__comment":"OK",

"textures": {
        "main": 	"know2good/blocks/stone/bell/0/main",
		"particle": "know2good/blocks/stone/bell/0/bell"
},
"elements":[
	{
		"__comment":"Rope",
		"from":[7,13,7],
		"to":[9,16,9],
		"faces": {
			"down":{"uv":	[0,3,2,5],"texture":"#main","cullface":"Know2Good"},
			"up":{"uv":		[0,0,2,2],"texture":"#main","cullface":"up"},
			"north":{"uv":	[0,1,2,4],"texture":"#main","cullface":"Know2Good"},
			"south":{"uv":	[0,1,2,4],"texture":"#main","cullface":"Know2Good"},
			"west":{"uv":	[2,1,0,4],"texture":"#main","cullface":"Know2Good"},
			"east":{"uv":	[2,1,0,4],"texture":"#main","cullface":"Know2Good"}
		}
	},
    {
		"__comment":"Clapper",
		"from":[7,3,7],
		"to":[9,5,9],
		"faces": {
			"down":{"uv":	[2,0,4,2],"texture":"#main","cullface":"Know2Good"},
			"up":{"uv":		[0,0,2,2],"texture":"#main","cullface":"up"},
			"north":{"uv":	[2,1,4,2],"texture":"#main","cullface":"Know2Good","rotation":180},
			"south":{"uv":	[2,0,4,1],"texture":"#main","cullface":"Know2Good"},
			"west":{"uv":	[2,0,3,2],"texture":"#main","cullface":"Know2Good","rotation":90},
			"east":{"uv":	[3,0,4,2],"texture":"#main","cullface":"Know2Good","rotation":270}
            }
        }
    ]
}
