{
"__comment":"Made by Know2Good, part of the 'Default 3D' resource pack || Official download page: http://www.planetminecraft.com/texture_pack/default-3d-2985741/ || © Know2Good. All rights reserved. ",
"__comment":"OK",

"parent": "block/generic_block",

"textures": {
	"top":			"know2good/blocks/gui/composter/top",
	"side":			"know2good/blocks/gui/composter/side",
	"bottom":		"know2good/blocks/gui/composter/bottom",
	"compost":		"know2good/blocks/gui/composter/compost",
	"particle":		"know2good/blocks/gui/composter/side"
},
"elements":[
	{
		"__comment": "Outside",
		"from": [1,1,1],
		"to": [15,15,15],
		"faces": {
			"down":		{"texture":"#bottom","cullface":"down"},
			"north":	{"texture":"#compost","cullface":"north"},
			"south":	{"texture":"#compost","cullface":"south"},
			"west":		{"texture":"#compost","cullface":"west"},
			"east":		{"texture":"#compost","cullface":"east"}
		}
	},
	{
		"__comment": "Inside",
		"from": [15,1,1],
		"to": [1,15,15],
		"faces": {
			"down":		{"texture":"#compost","cullface":"up"},
			"north":	{"texture":"#compost","cullface":"up"},
			"south":	{"texture":"#compost","cullface":"up"},
			"west":		{"texture":"#compost","cullface":"up"},
			"east":		{"texture":"#compost","cullface":"up"}
		}
	},
	{
		"__comment":"Rim outer north",
		"from":[0,15,0],
		"to":[16,16,1],
		"faces": {
			"down":{"uv":	[0,0,16,1],"texture":"#top","cullface":"north"},
			"up":{"uv":		[0,0,16,1],"texture":"#top","cullface":"up"},
			"north":{"uv":	[0,0,16,1],"texture":"#top","cullface":"north","rotation":180},
			"south":{"uv":	[0,0,16,1],"texture":"#top","cullface":"up"},
			"west":{"uv":	[0,0,1,1],"texture":"#top","cullface":"west"},
			"east":{"uv":	[15,0,16,1],"texture":"#top","cullface":"east"}
		}
	},
	{
		"__comment":"Rim inner north",
		"from":[1,14.5,1],
		"to":[15,15.5,2],
		"faces": {
			"up":{"uv":		[1,1,15,2],"texture":"#top","cullface":"up"},
			"south":{"uv":	[1,1,15,2],"texture":"#top","cullface":"up"}
		}
	},
	{
		"__comment":"Rim outer east",
		"from":[15,15,1],
		"to":[16,16,15],
		"faces": {
			"down":{"uv":	[15,1,16,15],"texture":"#top","cullface":"east","rotation":180},
			"up":{"uv":		[15,1,16,15],"texture":"#top","cullface":"up"},
			"west":{"uv":	[15,1,16,15],"texture":"#top","cullface":"up","rotation":270},
			"east":{"uv":	[15,1,16,15],"texture":"#top","cullface":"east","rotation":90}
		}
	},
	{
		"__comment":"Rim inner east",
		"from":[14,14.5,2],
		"to":[15,15.5,14],
		"faces": {
			"up":{"uv":		[14,2,15,14],"texture":"#top","cullface":"up"},
			"west":{"uv":	[14,2,15,14],"texture":"#top","cullface":"up","rotation":90}
		}
	},
	{
		"__comment":"Rim outer south",
		"from":[0,15,15],
		"to":[16,16,16],
		"faces": {
			"down":{"uv":	[0,15,16,16],"texture":"#top","cullface":"south"},
			"up":{"uv":		[0,15,16,16],"texture":"#top","cullface":"up"},
			"north":{"uv":	[0,15,16,16],"texture":"#top","cullface":"up","rotation":180},
			"south":{"uv":	[0,15,16,16],"texture":"#top","cullface":"south"},
			"west":{"uv":	[0,15,1,16],"texture":"#top","cullface":"west"},
			"east":{"uv":	[15,15,16,16],"texture":"#top","cullface":"east"}
		}
	},
	{
		"__comment":"Rim inner south",
		"from":[1,14.5,14],
		"to":[15,15.5,15],
		"faces": {
			"up":{"uv":		[1,14,15,15],"texture":"#top","cullface":"up"},
			"north":{"uv":	[1,14,15,15],"texture":"#top","cullface":"up","rotation":180}
		}
	},
	{
		"__comment":"Rim outer west",
		"from":[0,15,1],
		"to":[1,16,15],
		"faces": {
			"down":{"uv":	[0,1,1,15],"texture":"#top","cullface":"west","rotation":180},
			"up":{"uv":		[0,1,1,15],"texture":"#top","cullface":"up"},
			"west":{"uv":	[0,1,1,15],"texture":"#top","cullface":"west","rotation":270},
			"east":{"uv":	[0,1,1,15],"texture":"#top","cullface":"up","rotation":90}
		}
	},
	{
		"__comment":"Rim inner west",
		"from":[1,14.5,2],
		"to":[2,15.5,14],
		"faces": {
			"up":{"uv":		[1,2,2,14],"texture":"#top","cullface":"up"},
			"east":{"uv":	[1,2,2,14],"texture":"#top","cullface":"up","rotation":90}
		}
	},
	{
		"__comment":"Inside frame north-west",
		"from":[0,1,0],
		"to":[1,15,1],
		"faces": {
			"north":{"uv":	[0,1,1,15],"texture":"#bottom","cullface":"north"},
			"south":{"uv":	[0,1,1,15],"texture":"#bottom","cullface":"Know2Good"},
			"west":{"uv":	[0,1,1,15],"texture":"#bottom","cullface":"west"},
			"east":{"uv":	[0,1,1,15],"texture":"#bottom","cullface":"Know2Good"}
		}
	},
	{
		"__comment":"Inside frame north-east",
		"from":[15,1,0],
		"to":[16,15,1],
		"faces": {
			"north":{"uv":	[0,1,1,15],"texture":"#bottom","cullface":"north"},
			"south":{"uv":	[0,1,1,15],"texture":"#bottom","cullface":"Know2Good"},
			"west":{"uv":	[0,1,1,15],"texture":"#bottom","cullface":"Know2Good"},
			"east":{"uv":	[0,1,1,15],"texture":"#bottom","cullface":"east"}
		}
	},
	{
		"__comment":"Inside frame south-east",
		"from":[15,1,15],
		"to":[16,15,16],
		"faces": {
			"north":{"uv":	[0,1,1,15],"texture":"#bottom","cullface":"Know2Good"},
			"south":{"uv":	[0,1,1,15],"texture":"#bottom","cullface":"south"},
			"west":{"uv":	[0,1,1,15],"texture":"#bottom","cullface":"Know2Good"},
			"east":{"uv":	[0,1,1,15],"texture":"#bottom","cullface":"east"}
		}
	},
	{
		"__comment":"Inside frame south-west",
		"from":[0,1,15],
		"to":[1,15,16],
		"faces": {
			"north":{"uv":	[0,1,1,15],"texture":"#bottom","cullface":"Know2Good"},
			"south":{"uv":	[0,1,1,15],"texture":"#bottom","cullface":"south"},
			"west":{"uv":	[0,1,1,15],"texture":"#bottom","cullface":"west"},
			"east":{"uv":	[0,1,1,15],"texture":"#bottom","cullface":"Know2Good"}
		}
	},
	{
		"__comment":"Slats north bottom to top",
		"from":[0,1,-0.5],
		"to":[16,3,0.5],
		"faces": {
			"down":{"uv":	[0,14,16,15],"texture":"#side","cullface":"north","rotation":180},
			"up":{"uv":		[0,13,16,14],"texture":"#side","cullface":"north","rotation":180},
			"north":{"uv":	[0,13,16,15],"texture":"#side","cullface":"north"},
			"west":{"uv":	[15,13,16,15],"texture":"#side","cullface":"north"},
			"east":{"uv":	[0,13,1,15],"texture":"#side","cullface":"north"}
		}
	},
	{
		"__comment":"Slats north bottom to top",
		"from":[0,0,0],
		"to":[16,1,1],
		"faces": {
			"down":{"uv":	[0,15,16,16],"texture":"#side","cullface":"down","rotation":180},
			"north":{"uv":	[0,15,16,16],"texture":"#side","cullface":"north"},
			"south":{"uv":	[0,15,16,16],"texture":"#side","cullface":"down","rotation":180},
			"west":{"uv":	[15,15,16,16],"texture":"#side","cullface":"north"},
			"east":{"uv":	[0,15,1,16],"texture":"#side","cullface":"north"}
		}
	},
	{
		"__comment":"Slats north bottom to top",
		"from":[0,5,-0.5],
		"to":[16,7,0.5],
		"faces": {
			"down":{"uv":	[0,10,16,11],"texture":"#side","cullface":"north","rotation":180},
			"up":{"uv":		[0,9,16,10],"texture":"#side","cullface":"north","rotation":180},
			"north":{"uv":	[0,9,16,11],"texture":"#side","cullface":"north"},
			"west":{"uv":	[15,9,16,11],"texture":"#side","cullface":"north"},
			"east":{"uv":	[0,9,1,11],"texture":"#side","cullface":"north"}
		}
	},
	{
		"__comment":"Slats north bottom to top",
		"from":[0,4,0],
		"to":[16,5,0.5],
		"faces": {
			"down":{"uv":	[1,11,15,12],"texture":"#side","cullface":"north","rotation":180},
			"north":{"uv":	[1,11,15,12],"texture":"#side","cullface":"north"}
		}
	},
	{
		"__comment":"Slats north bottom to top",
		"from":[0,9,-0.5],
		"to":[16,11,0.5],
		"faces": {
			"down":{"uv":	[0,6,16,7],"texture":"#side","cullface":"north","rotation":180},
			"up":{"uv":		[0,5,16,6],"texture":"#side","cullface":"north","rotation":180},
			"north":{"uv":	[0,5,16,7],"texture":"#side","cullface":"north"},
			"west":{"uv":	[15,5,16,7],"texture":"#side","cullface":"north"},
			"east":{"uv":	[0,5,1,7],"texture":"#side","cullface":"north"}
		}
	},
	{
		"__comment":"Slats north bottom to top",
		"from":[1,8,0],
		"to":[15,9,0.5],
		"faces": {
			"down":{"uv":	[1,7,15,8],"texture":"#side","cullface":"north","rotation":180},
			"north":{"uv":	[1,7,15,8],"texture":"#side","cullface":"north"}
		}
	},
	{
		"__comment":"Slats north bottom to top",
		"from":[0,13,-0.5],
		"to":[16,15,0.5],
		"faces": {
			"down":{"uv":	[0,2,16,3],"texture":"#side","cullface":"north","rotation":180},
			"up":{"uv":		[0,1,16,2],"texture":"#side","cullface":"north","rotation":180},
			"north":{"uv":	[0,1,16,3],"texture":"#side","cullface":"north"},
			"west":{"uv":	[15,1,16,3],"texture":"#side","cullface":"north"},
			"east":{"uv":	[0,1,1,3],"texture":"#side","cullface":"north"}
		}
	},	
	{
		"__comment":"Slats north bottom to top",
		"from":[1,12,0],
		"to":[15,13,0.5],
		"faces": {
			"down":{"uv":	[1,3,15,4],"texture":"#side","cullface":"north","rotation":180},
			"north":{"uv":	[1,3,15,4],"texture":"#side","cullface":"north"}
		}
	},
	{
		"__comment":"Slats east bottom to top",
		"from":[15.5,1,0],
		"to":[16.5,3,16],
		"faces": {
			"down":{"uv":	[0,14,16,15],"texture":"#side","cullface":"east","rotation":90},
			"up":{"uv":		[0,13,16,14],"texture":"#side","cullface":"east","rotation":270},
			"north":{"uv":	[15,13,16,15],"texture":"#side","cullface":"east"},
			"south":{"uv":	[0,13,1,15],"texture":"#side","cullface":"east"},
			"east":{"uv":	[0,13,16,15],"texture":"#side","cullface":"east"}
		}
	},
	{
		"__comment":"Slats east bottom to top",
		"from":[15,0,1],
		"to":[16,1,15],
		"faces": {
			"down":{"uv":	[1,15,15,16],"texture":"#side","cullface":"down","rotation":90},
			"east":{"uv":	[1,15,15,16],"texture":"#side","cullface":"east"},
			"west":{"uv":	[1,15,15,16],"texture":"#side","cullface":"down","rotation":180}
		}
	},
	{
		"__comment":"Slats east bottom to top",
		"from":[15.5,5,0],
		"to":[16.5,7,16],
		"faces": {
			"down":{"uv":	[0,10,16,11],"texture":"#side","cullface":"east","rotation":90},
			"up":{"uv":		[0,9,16,10],"texture":"#side","cullface":"east","rotation":270},
			"north":{"uv":	[15,9,16,11],"texture":"#side","cullface":"east"},
			"south":{"uv":	[0,9,1,11],"texture":"#side","cullface":"east"},
			"east":{"uv":	[0,9,16,11],"texture":"#side","cullface":"east"}
		}
	},
	{
		"__comment":"Slats east bottom to top",
		"from":[15.5,4,1],
		"to":[16,5,15],
		"faces": {
			"down":{"uv":	[1,11,15,12],"texture":"#side","cullface":"east","rotation":90},
			"east":{"uv":	[1,11,15,12],"texture":"#side","cullface":"east"}
		}
	},
	{
		"__comment":"Slats east bottom to top",
		"from":[15.5,9,0],
		"to":[16.5,11,16],
		"faces": {
			"down":{"uv":	[0,6,16,7],"texture":"#side","cullface":"east","rotation":90},
			"up":{"uv":		[0,5,16,6],"texture":"#side","cullface":"east","rotation":270},
			"north":{"uv":	[15,5,16,7],"texture":"#side","cullface":"east"},
			"south":{"uv":	[0,5,1,7],"texture":"#side","cullface":"east"},
			"east":{"uv":	[0,5,16,7],"texture":"#side","cullface":"east"}
		}
	},
	{
		"__comment":"Slats east bottom to top",
		"from":[15.5,8,1],
		"to":[16,9,15],
		"faces": {
			"down":{"uv":	[1,7,15,8],"texture":"#side","cullface":"east","rotation":90},
			"east":{"uv":	[1,7,15,8],"texture":"#side","cullface":"east"}
		}
	},
	{
		"__comment":"Slats east bottom to top",
		"from":[15.5,13,0],
		"to":[16.5,15,16],
		"faces": {
			"down":{"uv":	[0,2,16,3],"texture":"#side","cullface":"east","rotation":90},
			"up":{"uv":		[0,1,16,2],"texture":"#side","cullface":"east","rotation":270},
			"north":{"uv":	[15,1,16,3],"texture":"#side","cullface":"east"},
			"south":{"uv":	[0,1,1,3],"texture":"#side","cullface":"east"},
			"east":{"uv":	[0,1,16,3],"texture":"#side","cullface":"east"}
		}
	},	
	{
		"__comment":"Slats east bottom to top",
		"from":[15.5,12,1],
		"to":[16,13,15],
		"faces": {
			"down":{"uv":	[1,3,15,4],"texture":"#side","cullface":"east","rotation":90},
			"east":{"uv":	[1,3,15,4],"texture":"#side","cullface":"east"}
		}
	},
	{
		"__comment":"Slats south bottom to top",
		"from":[0,1,15.5],
		"to":[16,3,16.5],
		"faces": {
			"down":{"uv":	[0,14,16,15],"texture":"#side","cullface":"south"},
			"up":{"uv":		[0,13,16,14],"texture":"#side","cullface":"south"},
			"south":{"uv":	[0,13,16,15],"texture":"#side","cullface":"south"},
			"west":{"uv":	[0,13,1,15],"texture":"#side","cullface":"south"},
			"east":{"uv":	[15,13,16,15],"texture":"#side","cullface":"south"}
		}
	},
	{
		"__comment":"Slats south bottom to top",
		"from":[0,0,15],
		"to":[16,1,16],
		"faces": {
			"down":{"uv":	[0,15,16,16],"texture":"#side","cullface":"down"},
			"north":{"uv":	[0,15,16,16],"texture":"#side","cullface":"down","rotation":180},
			"south":{"uv":	[0,15,16,16],"texture":"#side","cullface":"south"},
			"west":{"uv":	[0,15,1,16],"texture":"#side","cullface":"south"},
			"east":{"uv":	[15,15,16,16],"texture":"#side","cullface":"south"}
		}
	},
	{
		"__comment":"Slats south bottom to top",
		"from":[0,5,15.5],
		"to":[16,7,16.5],
		"faces": {
			"down":{"uv":	[0,10,16,11],"texture":"#side","cullface":"south"},
			"up":{"uv":		[0,9,16,10],"texture":"#side","cullface":"south"},
			"south":{"uv":	[0,9,16,11],"texture":"#side","cullface":"south"},
			"west":{"uv":	[0,9,1,11],"texture":"#side","cullface":"south"},
			"east":{"uv":	[15,9,16,11],"texture":"#side","cullface":"south"}
		}
	},
	{
		"__comment":"Slats south bottom to top",
		"from":[0,4,15.5],
		"to":[16,5,16],
		"faces": {
			"down":{"uv":	[1,11,15,12],"texture":"#side","cullface":"south"},
			"south":{"uv":	[1,11,15,12],"texture":"#side","cullface":"south"}
		}
	},
	{
		"__comment":"Slats south bottom to top",
		"from":[0,9,15.5],
		"to":[16,11,16.5],
		"faces": {
			"down":{"uv":	[0,6,16,7],"texture":"#side","cullface":"south"},
			"up":{"uv":		[0,5,16,6],"texture":"#side","cullface":"south"},
			"south":{"uv":	[0,5,16,7],"texture":"#side","cullface":"south"},
			"west":{"uv":	[0,5,1,7],"texture":"#side","cullface":"south"},
			"east":{"uv":	[15,5,16,7],"texture":"#side","cullface":"south"}
		}
	},
	{
		"__comment":"Slats south bottom to top",
		"from":[1,8,15.5],
		"to":[15,9,16],
		"faces": {
			"down":{"uv":	[1,7,15,8],"texture":"#side","cullface":"south"},
			"south":{"uv":	[1,7,15,8],"texture":"#side","cullface":"south"}
		}
	},
	{
		"__comment":"Slats south bottom to top",
		"from":[0,13,15.5],
		"to":[16,15,16.5],
		"faces": {
			"down":{"uv":	[0,2,16,3],"texture":"#side","cullface":"south"},
			"up":{"uv":		[0,1,16,2],"texture":"#side","cullface":"south"},
			"south":{"uv":	[0,1,16,3],"texture":"#side","cullface":"south"},
			"west":{"uv":	[0,1,1,3],"texture":"#side","cullface":"south"},
			"east":{"uv":	[15,1,16,3],"texture":"#side","cullface":"south"}
		}
	},	
	{
		"__comment":"Slats south bottom to top",
		"from":[1,12,15.5],
		"to":[15,13,16],
		"faces": {
			"down":{"uv":	[1,3,15,4],"texture":"#side","cullface":"south"},
			"south":{"uv":	[1,3,15,4],"texture":"#side","cullface":"south"}
		}
	},
	{
		"__comment":"Slats west bottom to top",
		"from":[-0.5,1,0],
		"to":[0.5,3,16],
		"faces": {
			"down":{"uv":	[0,14,16,15],"texture":"#side","cullface":"west","rotation":270},
			"up":{"uv":		[0,13,16,14],"texture":"#side","cullface":"west","rotation":90},
			"north":{"uv":	[0,13,1,15],"texture":"#side","cullface":"west"},
			"south":{"uv":	[15,13,16,15],"texture":"#side","cullface":"west"},
			"west":{"uv":	[0,13,16,15],"texture":"#side","cullface":"west"}
		}
	},
	{
		"__comment":"Slats west bottom to top",
		"from":[0,0,1],
		"to":[1,1,15],
		"faces": {
			"down":{"uv":	[1,15,15,16],"texture":"#side","cullface":"down","rotation":270},
			"west":{"uv":	[1,15,15,16],"texture":"#side","cullface":"west"},
			"east":{"uv":	[1,15,15,16],"texture":"#side","cullface":"down","rotation":180}
		}
	},
	{
		"__comment":"Slats west bottom to top",
		"from":[-0.5,5,0],
		"to":[0.5,7,16],
		"faces": {
			"down":{"uv":	[0,10,16,11],"texture":"#side","cullface":"west","rotation":270},
			"up":{"uv":		[0,9,16,10],"texture":"#side","cullface":"west","rotation":90},
			"north":{"uv":	[0,9,1,11],"texture":"#side","cullface":"west"},
			"south":{"uv":	[15,9,16,11],"texture":"#side","cullface":"west"},
			"west":{"uv":	[0,9,16,11],"texture":"#side","cullface":"west"}
		}
	},
	{
		"__comment":"Slats west bottom to top",
		"from":[0,4,1],
		"to":[0.5,5,15],
		"faces": {
			"down":{"uv":	[1,11,15,12],"texture":"#side","cullface":"west","rotation":270},
			"west":{"uv":	[1,11,15,12],"texture":"#side","cullface":"west"}
		}
	},
	{
		"__comment":"Slats west bottom to top",
		"from":[-0.5,9,0],
		"to":[0.5,11,16],
		"faces": {
			"down":{"uv":	[0,6,16,7],"texture":"#side","cullface":"west","rotation":270},
			"up":{"uv":		[0,5,16,6],"texture":"#side","cullface":"west","rotation":90},
			"north":{"uv":	[0,5,1,7],"texture":"#side","cullface":"west"},
			"south":{"uv":	[15,5,16,7],"texture":"#side","cullface":"west"},
			"west":{"uv":	[0,5,16,7],"texture":"#side","cullface":"west"}
		}
	},
	{
		"__comment":"Slats west bottom to top",
		"from":[0,8,1],
		"to":[0.5,9,15],
		"faces": {
			"down":{"uv":	[1,7,15,8],"texture":"#side","cullface":"west","rotation":270},
			"west":{"uv":	[1,7,15,8],"texture":"#side","cullface":"west"}
		}
	},
	{
		"__comment":"Slats west bottom to top",
		"from":[-0.5,13,0],
		"to":[0.5,15,16],
		"faces": {
			"down":{"uv":	[0,2,16,3],"texture":"#side","cullface":"west","rotation":270},
			"up":{"uv":		[0,1,16,2],"texture":"#side","cullface":"west","rotation":90},
			"north":{"uv":	[0,1,1,3],"texture":"#side","cullface":"west"},
			"south":{"uv":	[15,1,16,3],"texture":"#side","cullface":"west"},
			"west":{"uv":	[0,1,16,3],"texture":"#side","cullface":"west"}
		}
	},	
	{
		"__comment":"Slats west bottom to top",
		"from":[0,12,1],
		"to":[0.5,13,15],
		"faces": {
			"down":{"uv":	[1,3,15,4],"texture":"#side","cullface":"west","rotation":270},
			"west":{"uv":	[1,3,15,4],"texture":"#side","cullface":"west"}
		}
	},
	{
		"__comment":"Bottom plank",
		"from":[2,0.5,2],
		"to":[5,1,14],
		"faces": {
			"down":{"uv":	[2,2,5,14],"texture":"#bottom","cullface":"down"},
			"north":{"uv":	[2,13,5,14],"texture":"#bottom","cullface":"down","rotation":180},
			"south":{"uv":	[2,2,5,3],"texture":"#bottom","cullface":"down"},
			"west":{"uv":	[2,2,3,14],"texture":"#bottom","cullface":"down","rotation":90},
			"east":{"uv":	[4,2,5,14],"texture":"#bottom","cullface":"down","rotation":270}
		}
	},
	{
		"__comment":"Bottom plank",
		"from":[6,0.5,2],
		"to":[10,1,14],
		"faces": {
			"down":{"uv":	[6,2,10,14],"texture":"#bottom","cullface":"down"},
			"north":{"uv":	[6,13,10,14],"texture":"#bottom","cullface":"down","rotation":180},
			"south":{"uv":	[6,2,10,3],"texture":"#bottom","cullface":"down"},
			"west":{"uv":	[6,2,7,14],"texture":"#bottom","cullface":"down","rotation":90},
			"east":{"uv":	[9,2,10,14],"texture":"#bottom","cullface":"down","rotation":270}
		}
	},
	{
		"__comment":"Bottom plank",
		"from":[11,0.5,2],
		"to":[14,1,14],
		"faces": {
			"down":{"uv":	[11,2,14,14],"texture":"#bottom","cullface":"down"},
			"north":{"uv":	[11,13,14,14],"texture":"#bottom","cullface":"down","rotation":180},
			"south":{"uv":	[11,2,14,3],"texture":"#bottom","cullface":"down"},
			"west":{"uv":	[11,2,12,14],"texture":"#bottom","cullface":"down","rotation":90},
			"east":{"uv":	[13,2,14,14],"texture":"#bottom","cullface":"down","rotation":270}
		}
	},
	{
		"__comment":"Bottom plank row 4",
		"from":[0,0,0],
		"to":[0,0,0],
		"faces": {
			"down":{"uv":	[0.01,0.01,14.99,2.99],"texture":"#bottom","cullface":"down"},
			"north":{"uv":	[0.01,2.01,14.99,2.99],"texture":"#bottom","cullface":"down","rotation":180},
			"south":{"uv":	[0.01,0.01,14.99,0.99],"texture":"#bottom","cullface":"down"},
			"west":{"uv":	[0.01,0.01,0.99,2.99],"texture":"#bottom","cullface":"down","rotation":90},
			"east":{"uv":	[14.01,0.01,14.99,2.99],"texture":"#bottom","cullface":"down","rotation":270}
            }
        }
    ]
}