{
"__comment":"Made by Know2Good, part of the 'Default 3D' resource pack || Official download page: http://www.planetminecraft.com/texture_pack/default-3d-2985741/ || © Know2Good. All rights reserved. ",
"__comment":"OK",

"textures": {
	"compost":		"know2good/blocks/gui/composter/composting",
	"particle":		"know2good/blocks/gui/composter/side"
},
"elements":[
	{
		"__comment": "Outside",
		"from": [1,15,1],
		"to": [15,15,15],
		"faces": {
                "up":		{"texture":"#compost","cullface":"up"}
            }
        }
    ]
}
