{
"__comment":"Made by Know2Good, part of the 'Default 3D' resource pack || Official download page: http://www.planetminecraft.com/texture_pack/default-3d-2985741/ || © Know2Good. All rights reserved. ",
"__comment":"OK",

"parent": "block/generic_block",

"textures": {
	"tools":		"know2good/blocks/gui/table/cartography/tools",
	"top":			"know2good/blocks/gui/table/cartography/top",
	"north":		"know2good/blocks/gui/table/cartography/north",
	"east":			"know2good/blocks/gui/table/cartography/east",
	"south":		"know2good/blocks/gui/table/cartography/south",
	"west":			"know2good/blocks/gui/table/cartography/west",
	"bottom":		"know2good/blocks/gui/table/cartography/bottom",
	"particle":		"know2good/blocks/gui/table/crafting/front"
},
"elements":[
	{
		"__comment":"Main, except north",
		"from":[0,0,0],
		"to":[16,16,16],
		"faces": {
			"down":{"uv":	[0,0,16,16],"texture":"#bottom","cullface":"down"},
			"up":{"uv":		[0,0,16,16],"texture":"#top","cullface":"up"},
			"south":{"uv":	[0,0,16,16],"texture":"#south","cullface":"south"},
			"west":{"uv":	[0,0,16,16],"texture":"#west","cullface":"west"},
			"east":{"uv":	[0,0,16,16],"texture":"#east","cullface":"east"}
		}
	},
	{
		"__comment":"North",
		"from":[0,8,0],
		"to":[16,16,0],
		"faces": {
			"north":{"uv":	[0,0,16,8],"texture":"#north","cullface":"north"}
		}
	},
	{
		"__comment":"North",
		"from":[12,0,0],
		"to":[16,8,0],
		"faces": {
			"north":{"uv":	[0,8,4,16],"texture":"#north","cullface":"north"}
		}
	},
	{
		"__comment":"North",
		"from":[4,0,0],
		"to":[12,1,0],
		"faces": {
			"north":{"uv":	[4,15,11,16],"texture":"#north","cullface":"north"}
		}
	},
	{
		"__comment":"North",
		"from":[0,0,0],
		"to":[5,8,0],
		"faces": {
			"north":{"uv":	[11,8,16,16],"texture":"#north","cullface":"north"}
		}
	},
	{
		"__comment":"Frame top north",
		"from":[6,16,0],
		"to":[16,16.5,1],
		"faces": {
			"up":{"uv":		[6,0,16,1],"texture":"#top","cullface":"up"},
			"north":{"uv":	[6,0,16,1],"texture":"#top","cullface":"up","rotation":180},
			"south":{"uv":	[6,0,16,1],"texture":"#top","cullface":"up"},
			"east":{"uv":	[15,0,16,1],"texture":"#top","cullface":"up"}
		}
	},
	{
		"__comment":"Frame top east",
		"from":[15,16,1],
		"to":[16,16.5,15],
		"faces": {
			"up":{"uv":		[15,1,16,15],"texture":"#top","cullface":"up"},
			"west":{"uv":	[15,1,16,15],"texture":"#top","cullface":"up","rotation":270},
			"east":{"uv":	[15,1,16,15],"texture":"#top","cullface":"up","rotation":90}
		}
	},
	{
		"__comment":"Frame top south",
		"from":[1,16,15],
		"to":[16,16.5,16],
		"faces": {
			"up":{"uv":		[1,15,16,16],"texture":"#top","cullface":"up"},
			"north":{"uv":	[1,15,16,16],"texture":"#top","cullface":"up","rotation":180},
			"south":{"uv":	[1,15,16,16],"texture":"#top","cullface":"up"},
			"east":{"uv":	[15,15,16,16],"texture":"#top","cullface":"up"}
		}
	},
	{
		"__comment":"Frame top west",
		"from":[0,16,6],
		"to":[1,16.5,16],
		"faces": {
			"up":{"uv":		[0,6,1,16],"texture":"#top","cullface":"up"},
			"south":{"uv":	[0,15,1,16],"texture":"#top","cullface":"up"},
			"west":{"uv":	[0,6,1,16],"texture":"#top","cullface":"up","rotation":270},
			"east":{"uv":	[0,6,1,16],"texture":"#top","cullface":"up","rotation":90}
		}
	},
	{
		"__comment":"Frame north",
		"from":[6,15,-0.5],
		"to":[16,16,0],
		"faces": {
			"down":{"uv":	[0,0,10,1],"texture":"#north","cullface":"north","rotation":180},
			"up":{"uv":		[0,0,10,1],"texture":"#north","cullface":"north","rotation":180},
			"north":{"uv":	[0,0,10,1],"texture":"#north","cullface":"north"},
			"east":{"uv":	[0,0,1,1],"texture":"#north","cullface":"north"}
		}
	},
	{
		"__comment":"Frame east",
		"from":[16,15,0],
		"to":[16.5,16,16],
		"faces": {
			"down":{"uv":	[0,0,16,1],"texture":"#east","cullface":"east","rotation":90},
			"up":{"uv":		[0,0,16,1],"texture":"#east","cullface":"east","rotation":270},
			"north":{"uv":	[15,0,16,1],"texture":"#east","cullface":"east"},
			"south":{"uv":	[0,0,1,1],"texture":"#east","cullface":"east"},
			"east":{"uv":	[0,0,16,1],"texture":"#east","cullface":"east"}
		}
	},
	{
		"__comment":"Frame south",
		"from":[0,15,16],
		"to":[16,16,16.5],
		"faces": {
			"down":{"uv":	[0,0,16,1],"texture":"#south","cullface":"south"},
			"up":{"uv":		[0,0,16,1],"texture":"#south","cullface":"south"},
			"south":{"uv":	[0,0,16,1],"texture":"#south","cullface":"south"},
			"west":{"uv":	[0,0,1,1],"texture":"#south","cullface":"south"},
			"east":{"uv":	[15,0,16,1],"texture":"#south","cullface":"south"}
		}
	},
	{
		"__comment":"Frame west",
		"from":[-0.5,15,6],
		"to":[0,16,16],
		"faces": {
			"down":{"uv":	[6,0,16,1],"texture":"#west","cullface":"west","rotation":270},
			"up":{"uv":		[6,0,16,1],"texture":"#west","cullface":"west","rotation":90},
			"north":{"uv":	[6,0,7,1],"texture":"#west","cullface":"west"},
			"south":{"uv":	[15,0,16,1],"texture":"#west","cullface":"west"},
			"west":{"uv":	[6,0,16,1],"texture":"#west","cullface":"west"}
		}
	},
	{
		"__comment":"Globe frame top",
		"from":[5,16,0],
		"to":[6,16.5,5],
		"faces": {
			"up":{"uv":		[5,0,6,5],"texture":"#top","cullface":"up"},
			"north":{"uv":	[5,0,6,1],"texture":"#top","cullface":"up"},
			"west":{"uv":	[5,0,6,5],"texture":"#top","cullface":"up","rotation":270},
			"east":{"uv":	[5,0,6,5],"texture":"#top","cullface":"up","rotation":90}
		}
	},
	{
		"__comment":"Globe frame top",
		"from":[0,16,5],
		"to":[6,16.5,6],
		"faces": {
			"up":{"uv":		[0,5,6,6],"texture":"#top","cullface":"up"},
			"north":{"uv":	[0,5,6,6],"texture":"#top","cullface":"up"},
			"south":{"uv":	[0,5,6,6],"texture":"#top","cullface":"up"},
			"west":{"uv":	[0,5,1,6],"texture":"#top","cullface":"up"},
			"east":{"uv":	[5,5,6,6],"texture":"#top","cullface":"up"}
		}
	},
	{
		"__comment":"Globe frame north",
		"from":[5,10,-0.5],
		"to":[6,16,0],
		"faces": {
			"down":{"uv":	[10,5,11,6],"texture":"#north","cullface":"north"},
			"up":{"uv":		[10,0,11,1],"texture":"#north","cullface":"north"},
			"north":{"uv":	[10,0,11,6],"texture":"#north","cullface":"north"},
			"west":{"uv":	[10,0,11,6],"texture":"#north","cullface":"north"},
			"east":{"uv":	[10,0,11,6],"texture":"#north","cullface":"north"}
		}
	},
	{
		"__comment":"Globe frame north",
		"from":[0,10,-0.5],
		"to":[5,11,0],
		"faces": {
			"down":{"uv":	[11,5,16,6],"texture":"#north","cullface":"north","rotation":180},
			"up":{"uv":		[11,5,16,6],"texture":"#north","cullface":"north","rotation":180},
			"north":{"uv":	[11,5,16,6],"texture":"#north","cullface":"north"},
			"west":{"uv":	[15,5,16,6],"texture":"#north","cullface":"north"},
			"east":{"uv":	[11,5,12,6],"texture":"#north","cullface":"north"}
		}
	},
	{
		"__comment":"Globe frame north detail",
		"from":[1,10,-0.75],
		"to":[4,11,0],
		"faces": {
			"down":{"uv":	[12,5,15,6],"texture":"#north","cullface":"north","rotation":180},
			"up":{"uv":		[12,5,15,6],"texture":"#north","cullface":"north","rotation":180},
			"north":{"uv":	[12,5,15,6],"texture":"#north","cullface":"north"},
			"west":{"uv":	[14,5,15,6],"texture":"#north","cullface":"north"},
			"east":{"uv":	[12,5,13,6],"texture":"#north","cullface":"north"}
		}
	},
	{
		"__comment":"Globe frame west",
		"from":[-0.5,10,0],
		"to":[0,11,5],
		"faces": {
			"down":{"uv":	[0,5,5,6],"texture":"#west","cullface":"west","rotation":270},
			"up":{"uv":		[0,5,5,6],"texture":"#west","cullface":"west","rotation":90},
			"north":{"uv":	[0,5,1,6],"texture":"#west","cullface":"west"},
			"south":{"uv":	[4,5,5,6],"texture":"#west","cullface":"west"},
			"west":{"uv":	[0,5,5,6],"texture":"#west","cullface":"west"}
		}
	},
	{
		"__comment":"Globe frame west",
		"from":[-0.5,10,5],
		"to":[0,16,6],
		"faces": {
			"down":{"uv":	[5,5,6,6],"texture":"#west","cullface":"west"},
			"up":{"uv":		[5,0,6,1],"texture":"#west","cullface":"west"},
			"north":{"uv":	[5,0,6,6],"texture":"#west","cullface":"west"},
			"south":{"uv":	[5,0,6,6],"texture":"#west","cullface":"west"},
			"west":{"uv":	[5,0,6,6],"texture":"#west","cullface":"west"}
		}
	},
	{
		"__comment":"Top plank top left to bottom right",
		"from":[1,16,6],
		"to":[4,16.25,7],
		"faces": {
			"up":{"uv":		[1,6,4,7],"texture":"#top","cullface":"up"},
			"south":{"uv":	[1,6,4,7],"texture":"#top","cullface":"up"},
			"east":{"uv":	[3,6,4,7],"texture":"#top","cullface":"up","rotation":90}
		}
	},
	{
		"__comment":"Top plank top left to bottom right",
		"from":[1,16,8],
		"to":[4,16.25,15],
		"faces": {
			"up":{"uv":		[1,8,4,15],"texture":"#top","cullface":"up"},
			"north":{"uv":	[1,8,4,9],"texture":"#top","cullface":"up","rotation":180},
			"east":{"uv":	[3,8,4,15],"texture":"#top","cullface":"up","rotation":90}
		}
	},
	{
		"__comment":"Top plank top left to bottom right",
		"from":[5,16,1],
		"to":[8,16.25,15],
		"faces": {
			"up":{"uv":		[5,1,8,15],"texture":"#top","cullface":"up"},
			"west":{"uv":	[5,1,6,15],"texture":"#top","cullface":"up","rotation":270},
			"east":{"uv":	[7,1,8,15],"texture":"#top","cullface":"up","rotation":90}
		}
	},
	{
		"__comment":"Top plank top left to bottom right",
		"from":[9,16,1],
		"to":[12,16.25,7],
		"faces": {
			"up":{"uv":		[9,1,12,7],"texture":"#top","cullface":"up"},
			"south":{"uv":	[9,6,12,7],"texture":"#top","cullface":"up"},
			"west":{"uv":	[9,1,10,7],"texture":"#top","cullface":"up","rotation":270},
			"east":{"uv":	[11,1,12,7],"texture":"#top","cullface":"up","rotation":90}
		}
	},
	{
		"__comment":"Top plank top left to bottom right",
		"from":[9,16,8],
		"to":[12,16.25,15],
		"faces": {
			"up":{"uv":		[9,8,12,15],"texture":"#top","cullface":"up"},
			"north":{"uv":	[9,8,12,9],"texture":"#top","cullface":"up","rotation":180},
			"west":{"uv":	[9,8,10,15],"texture":"#top","cullface":"up","rotation":270},
			"east":{"uv":	[11,8,12,15],"texture":"#top","cullface":"up","rotation":90}
		}
	},
	{
		"__comment":"Top plank top left to bottom right",
		"from":[13,16,1],
		"to":[15,16.25,15],
		"faces": {
			"up":{"uv":		[13,1,15,15],"texture":"#top","cullface":"up"},
			"west":{"uv":	[13,1,14,15],"texture":"#top","cullface":"up","rotation":270}
		}
	},
	{
		"__comment":"Top compass center",
		"from":[3,16.5,11],
		"to":[5,16.5,13],
		"faces": {
			"up":{"uv":		[1,11,3,13],"texture":"#tools","cullface":"up"}
		}
	},
	{
		"__comment":"Top compass north",
		"from":[2,16.25,10],
		"to":[6,16.75,11],
		"faces": {
			"up":{"uv":		[0,10,4,11],"texture":"#tools","cullface":"up"},
			"north":{"uv":	[0,10,4,11],"texture":"#tools","cullface":"up","rotation":180},
			"south":{"uv":	[0,10,4,11],"texture":"#tools","cullface":"up"},
			"west":{"uv":	[0,10,1,11],"texture":"#tools","cullface":"up"},
			"east":{"uv":	[3,10,4,11],"texture":"#tools","cullface":"up"}
		}
	},
	{
		"__comment":"Top compass east",
		"from":[5,16.25,11],
		"to":[6,16.75,13],
		"faces": {
			"up":{"uv":		[3,11,4,13],"texture":"#tools","cullface":"up"},
			"west":{"uv":	[3,11,4,13],"texture":"#tools","cullface":"up","rotation":270},
			"east":{"uv":	[3,11,4,13],"texture":"#tools","cullface":"up","rotation":90}
		}
	},
	{
		"__comment":"Top compass south",
		"from":[2,16.25,13],
		"to":[6,16.75,14],
		"faces": {
			"up":{"uv":		[0,13,4,14],"texture":"#tools","cullface":"up"},
			"north":{"uv":	[0,13,4,14],"texture":"#tools","cullface":"up","rotation":180},
			"south":{"uv":	[0,13,4,14],"texture":"#tools","cullface":"up"},
			"west":{"uv":	[0,13,1,14],"texture":"#tools","cullface":"up"},
			"east":{"uv":	[3,13,4,14],"texture":"#tools","cullface":"up"}
		}
	},
	{
		"__comment":"Top compass west",
		"from":[2,16.25,11],
		"to":[3,16.75,13],
		"faces": {
			"up":{"uv":		[0,11,1,13],"texture":"#tools","cullface":"up"},
			"west":{"uv":	[0,11,1,13],"texture":"#tools","cullface":"up","rotation":270},
			"east":{"uv":	[0,11,1,13],"texture":"#tools","cullface":"up","rotation":90}
		}
	},
	{
		"__comment":"Top map top left to bottom right",
		"from":[8,16.25,4],
		"to":[14,16.5,11],
		"faces": {
			"up":{"uv":		[0,2,6,9],"texture":"#tools","cullface":"up"},
			"north":{"uv":	[0,2,6,3],"texture":"#tools","cullface":"up","rotation":180},
			"south":{"uv":	[0,8,6,9],"texture":"#tools","cullface":"up"},
			"west":{"uv":	[0,2,1,9],"texture":"#tools","cullface":"up","rotation":270},
			"east":{"uv":	[5,2,6,9],"texture":"#tools","cullface":"up","rotation":90}
		}
	},
	{
		"__comment":"Top map top left to bottom right",
		"from":[9,16.25,3],
		"to":[12,16.5,12],
		"faces": {
			"up":{"uv":		[1,1,4,10],"texture":"#tools","cullface":"up"},
			"north":{"uv":	[1,1,4,2],"texture":"#tools","cullface":"up","rotation":180},
			"south":{"uv":	[1,9,4,10],"texture":"#tools","cullface":"up"},
			"west":{"uv":	[1,1,2,10],"texture":"#tools","cullface":"up","rotation":270},
			"east":{"uv":	[3,1,4,10],"texture":"#tools","cullface":"up","rotation":90}
		}
	},
	{
		"__comment":"Top map top left to bottom right",
		"from":[11,16.25,2],
		"to":[15,16.5,10],
		"faces": {
			"up":{"uv":		[3,0,7,8],"texture":"#tools","cullface":"up"},
			"north":{"uv":	[3,0,7,1],"texture":"#tools","cullface":"up","rotation":180},
			"south":{"uv":	[3,7,7,8],"texture":"#tools","cullface":"up"},
			"west":{"uv":	[3,0,4,8],"texture":"#tools","cullface":"up","rotation":270}
		}
	},
	{
		"__comment":"Top map top left to bottom right",
		"from":[8.992,16.5,3.992],
		"to":[12,16.75,11.008],
		"faces": {
			"up":{"uv":		[1,2,4,9],"texture":"#tools","cullface":"up"},
			"north":{"uv":	[1,2,4,3],"texture":"#tools","cullface":"up","rotation":180},
			"south":{"uv":	[1,8,4,9],"texture":"#tools","cullface":"up"},
			"west":{"uv":	[1,2,2,9],"texture":"#tools","cullface":"up","rotation":270},
			"east":{"uv":	[3,2,4,9],"texture":"#tools","cullface":"up","rotation":90}
		}
	},
	{
		"__comment":"Top map top left to bottom right",
		"from":[11,16.5,2.992],
		"to":[14.008,16.75,10.008],
		"faces": {
			"up":{"uv":		[3,1,6,8],"texture":"#tools","cullface":"up"},
			"north":{"uv":	[3,1,6,2],"texture":"#tools","cullface":"up","rotation":180},
			"south":{"uv":	[3,7,6,8],"texture":"#tools","cullface":"up"},
			"west":{"uv":	[3,1,4,8],"texture":"#tools","cullface":"up","rotation":270},
			"east":{"uv":	[5,1,6,8],"texture":"#tools","cullface":"up","rotation":90}
		}
	},
	{
		"__comment":"Top map seal",
		"from":[11.992,16.75,7.992],
		"to":[13.008,17,9.008],
		"faces": {
			"up":{"uv":		[4,6,5,7],"texture":"#tools","cullface":"up"},
			"north":{"uv":	[4,6,5,7],"texture":"#tools","cullface":"up"},
			"south":{"uv":	[4,6,5,7],"texture":"#tools","cullface":"up"},
			"west":{"uv":	[4,6,5,7],"texture":"#tools","cullface":"up"},
			"east":{"uv":	[4,6,5,7],"texture":"#tools","cullface":"up"}
		}
	},
	{
		"__comment":"North plank top left to bottom right",
		"from":[13,1,-0.25],
		"to":[16,15,0],
		"faces": {
			"down":{"uv":	[0,14,3,15],"texture":"#north","cullface":"north","rotation":180},
			"north":{"uv":	[0,1,3,15],"texture":"#north","cullface":"north"},
			"west":{"uv":	[2,1,3,15],"texture":"#north","cullface":"north"},
			"east":{"uv":	[0,1,1,15],"texture":"#north","cullface":"north"}
		}
	},
	{
		"__comment":"North plank top left to bottom right",
		"from":[9,9,-0.25],
		"to":[12,15,0],
		"faces": {
			"down":{"uv":	[4,6,7,7],"texture":"#north","cullface":"north","rotation":180},
			"north":{"uv":	[4,1,7,7],"texture":"#north","cullface":"north"},
			"west":{"uv":	[6,1,7,7],"texture":"#north","cullface":"north"},
			"east":{"uv":	[4,1,5,7],"texture":"#north","cullface":"north"}
		}
	},
	{
		"__comment":"North plank top left to bottom right",
		"from":[5,9,-0.25],
		"to":[8,15,0],
		"faces": {
			"down":{"uv":	[8,6,11,7],"texture":"#north","cullface":"north","rotation":180},
			"north":{"uv":	[8,1,11,7],"texture":"#north","cullface":"north"},
			"west":{"uv":	[10,1,11,7],"texture":"#north","cullface":"north"},
			"east":{"uv":	[8,1,9,7],"texture":"#north","cullface":"north"}
		}
	},
	{
		"__comment":"North plank top left to bottom right",
		"from":[5,1,-0.25],
		"to":[12,2,0],
		"faces": {
			"down":{"uv":	[4,14,11,15],"texture":"#north","cullface":"north","rotation":180},
			"up":{"uv":		[4,14,11,15],"texture":"#north","cullface":"north","rotation":180},
			"north":{"uv":	[4,14,11,15],"texture":"#north","cullface":"north"},
			"west":{"uv":	[10,14,11,15],"texture":"#north","cullface":"north"},
			"east":{"uv":	[4,14,5,15],"texture":"#north","cullface":"north"}
		}
	},
	{
		"__comment":"North plank top left to bottom right",
		"from":[1,9,-0.25],
		"to":[4,10,0],
		"faces": {
			"down":{"uv":	[12,6,15,7],"texture":"#north","cullface":"north","rotation":180},
			"north":{"uv":	[12,6,15,7],"texture":"#north","cullface":"north"},
			"west":{"uv":	[14,6,15,7],"texture":"#north","cullface":"north"},
			"east":{"uv":	[12,6,13,7],"texture":"#north","cullface":"north"}
		}
	},
	{
		"__comment":"North plank top left to bottom right",
		"from":[1,1,-0.25],
		"to":[4,8,0],
		"faces": {
			"down":{"uv":	[12,14,15,15],"texture":"#north","cullface":"north","rotation":180},
			"up":{"uv":		[12,8,15,9],"texture":"#north","cullface":"north","rotation":180},
			"north":{"uv":	[12,8,15,15],"texture":"#north","cullface":"north"},
			"west":{"uv":	[14,8,15,15],"texture":"#north","cullface":"north"},
			"east":{"uv":	[12,8,13,15],"texture":"#north","cullface":"north"}
		}
	},
	{
		"__comment":"North inside",
		"from":[5,2,6],
		"to":[12,8,-0.005],
		"shade": false,
		"faces": {
			"down":{"uv":	[4,8,11,14],"texture":"#north","cullface":"north"},
			"up":{"uv":		[4,7,11,13],"texture":"#north","cullface":"north","rotation":180},
			"north":{"uv":	[8,0,15,6],"texture":"#tools","cullface":"north"},
			"west":{"uv":	[9,0,16,6],"texture":"#tools","cullface":"north"},
			"east":{"uv":	[7,0,14,6],"texture":"#tools","cullface":"north"}
		}
	},
	{
		"__comment":"North scroll left",
		"from":[9,2,0.5],
		"to":[12,5,5.5],
		"faces": {
			"up":{"uv":		[4,9,7,14],"texture":"#tools","cullface":"north","rotation":180},
			"north":{"uv":	[4,13,7,16],"texture":"#tools","cullface":"north"},
			"west":{"uv":	[7,9,10,14],"texture":"#tools","cullface":"north","rotation":90}
		}
	},
	{
		"__comment":"North scroll left center",
		"from":[10,3,0],
		"to":[11,4,0.5],
		"faces": {
			"down":{"uv":	[5,14,6,15],"texture":"#tools","cullface":"north"},
			"up":{"uv":		[5,14,6,15],"texture":"#tools","cullface":"north"},
			"north":{"uv":	[5,14,6,15],"texture":"#tools","cullface":"north"},
			"west":{"uv":	[5,14,6,15],"texture":"#tools","cullface":"north"},
			"east":{"uv":	[5,14,6,15],"texture":"#tools","cullface":"north"}
		}
	},
	{
		"__comment":"North scroll right",
		"from":[5,2,0.5],
		"to":[8,5,5.5],
		"faces": {
			"up":{"uv":		[13,9,16,14],"texture":"#tools","cullface":"north","rotation":180},
			"north":{"uv":	[13,13,16,16],"texture":"#tools","cullface":"north"},
			"east":{"uv":	[10,9,13,14],"texture":"#tools","cullface":"north","rotation":270}
		}
	},
	{
		"__comment":"North scroll right center",
		"from":[6,3,0],
		"to":[7,4,0.5],
		"faces": {
			"down":{"uv":	[14,14,15,15],"texture":"#tools","cullface":"north"},
			"up":{"uv":		[14,14,15,15],"texture":"#tools","cullface":"north"},
			"north":{"uv":	[14,14,15,15],"texture":"#tools","cullface":"north"},
			"west":{"uv":	[14,14,15,15],"texture":"#tools","cullface":"north"},
			"east":{"uv":	[14,14,15,15],"texture":"#tools","cullface":"north"}
		}
	},
	{
		"__comment":"North scroll top",
		"from":[7,5,0.5],
		"to":[10,8,5.5],
		"rotation": { "origin": [ 7, 8, 3 ], "axis": "y", "angle": -22.5, "rescale": false },
		"faces": {
			"down":{"uv":	[7,9,10,14],"texture":"#tools","cullface":"north","rotation":180},
			"north":{"uv":	[4,13,7,16],"texture":"#tools","cullface":"north"},
			"west":{"uv":	[7,9,10,14],"texture":"#tools","cullface":"north","rotation":90},
			"east":{"uv":	[4,9,7,14],"texture":"#tools","cullface":"north","rotation":270}
		}
	},
	{
		"__comment":"North scroll top center",
		"from":[8,6,0],
		"to":[9,7,0.5],
		"rotation": { "origin": [ 7, 8, 3 ], "axis": "y", "angle": -22.5, "rescale": false },
		"faces": {
			"down":{"uv":	[5,14,6,15],"texture":"#tools","cullface":"north"},
			"up":{"uv":		[5,14,6,15],"texture":"#tools","cullface":"north"},
			"north":{"uv":	[5,14,6,15],"texture":"#tools","cullface":"north"},
			"west":{"uv":	[5,14,6,15],"texture":"#tools","cullface":"north"},
			"east":{"uv":	[5,14,6,15],"texture":"#tools","cullface":"north"}
		}
	},
	{
		"__comment":"East plank top left to bottom right",
		"from":[16,9,12],
		"to":[16.25,15,15],
		"faces": {
			"down":{"uv":	[1,6,4,7],"texture":"#east","cullface":"east","rotation":90},
			"north":{"uv":	[3,1,4,7],"texture":"#east","cullface":"east"},
			"south":{"uv":	[1,1,2,7],"texture":"#east","cullface":"east"},
			"east":{"uv":	[1,1,4,7],"texture":"#east","cullface":"east"}
		}
	},
	{
		"__comment":"East plank top left to bottom right",
		"from":[16,0,12],
		"to":[16.25,8,15],
		"faces": {
			"down":{"uv":	[1,15,4,16],"texture":"#east","cullface":"east","rotation":90},
			"up":{"uv":		[1,8,4,9],"texture":"#east","cullface":"east","rotation":270},
			"north":{"uv":	[3,8,4,16],"texture":"#east","cullface":"east"},
			"south":{"uv":	[1,8,2,16],"texture":"#east","cullface":"east"},
			"east":{"uv":	[1,8,4,16],"texture":"#east","cullface":"east"}
		}
	},
	{
		"__comment":"East plank top left to bottom right",
		"from":[16,1,8],
		"to":[16.25,15,11],
		"faces": {
			"down":{"uv":	[5,14,8,15],"texture":"#east","cullface":"east","rotation":90},
			"north":{"uv":	[7,1,8,15],"texture":"#east","cullface":"east"},
			"south":{"uv":	[5,1,6,15],"texture":"#east","cullface":"east"},
			"east":{"uv":	[5,1,8,15],"texture":"#east","cullface":"east"}
		}
	},
	{
		"__comment":"East plank top left to bottom right",
		"from":[16,9,4],
		"to":[16.25,15,7],
		"faces": {
			"down":{"uv":	[9,6,12,7],"texture":"#east","cullface":"east","rotation":90},
			"north":{"uv":	[11,1,12,7],"texture":"#east","cullface":"east"},
			"south":{"uv":	[9,1,10,7],"texture":"#east","cullface":"east"},
			"east":{"uv":	[9,1,12,7],"texture":"#east","cullface":"east"}
		}
	},
	{
		"__comment":"East plank top left to bottom right",
		"from":[16,0,4],
		"to":[16.25,8,7],
		"faces": {
			"down":{"uv":	[9,15,12,16],"texture":"#east","cullface":"east","rotation":90},
			"up":{"uv":		[9,8,12,9],"texture":"#east","cullface":"east","rotation":270},
			"north":{"uv":	[11,8,12,16],"texture":"#east","cullface":"east"},
			"south":{"uv":	[9,8,10,16],"texture":"#east","cullface":"east"},
			"east":{"uv":	[9,8,12,16],"texture":"#east","cullface":"east"}
		}
	},
	{
		"__comment":"East plank top left to bottom right",
		"from":[16,1,0],
		"to":[16.25,15,3],
		"faces": {
			"down":{"uv":	[15,14,16,15],"texture":"#east","cullface":"east","rotation":90},
			"north":{"uv":	[15,1,16,15],"texture":"#east","cullface":"east"},
			"south":{"uv":	[13,1,14,15],"texture":"#east","cullface":"east"},
			"east":{"uv":	[13,1,16,15],"texture":"#east","cullface":"east"}
		}
	},
	{
		"__comment":"South plank top left to bottom right",
		"from":[0,9,16],
		"to":[3,15,16.25],
		"faces": {
			"down":{"uv":	[0,6,3,7],"texture":"#south","cullface":"south"},
			"south":{"uv":	[0,1,3,7],"texture":"#south","cullface":"south"},
			"west":{"uv":	[0,1,1,7],"texture":"#south","cullface":"south"},
			"east":{"uv":	[2,1,3,7],"texture":"#south","cullface":"south"}
		}
	},
	{
		"__comment":"South plank top left to bottom right",
		"from":[0,0,16],
		"to":[3,8,16.25],
		"faces": {
			"down":{"uv":	[0,15,3,16],"texture":"#south","cullface":"south"},
			"up":{"uv":		[0,8,3,9],"texture":"#south","cullface":"south"},
			"south":{"uv":	[0,8,3,16],"texture":"#south","cullface":"south"},
			"west":{"uv":	[0,8,1,16],"texture":"#south","cullface":"south"},
			"east":{"uv":	[2,8,3,16],"texture":"#south","cullface":"south"}
		}
	},
	{
		"__comment":"South plank top left to bottom right",
		"from":[4,1,16],
		"to":[7,15,16.25],
		"faces": {
			"down":{"uv":	[4,14,7,15],"texture":"#south","cullface":"south"},
			"south":{"uv":	[4,1,7,15],"texture":"#south","cullface":"south"},
			"west":{"uv":	[4,1,5,15],"texture":"#south","cullface":"south"},
			"east":{"uv":	[6,1,7,15],"texture":"#south","cullface":"south"}
		}
	},
	{
		"__comment":"South plank top left to bottom right",
		"from":[8,9,16],
		"to":[11,15,16.25],
		"faces": {
			"down":{"uv":	[8,6,11,7],"texture":"#south","cullface":"south"},
			"south":{"uv":	[8,1,11,7],"texture":"#south","cullface":"south"},
			"west":{"uv":	[8,1,9,7],"texture":"#south","cullface":"south"},
			"east":{"uv":	[10,1,11,7],"texture":"#south","cullface":"south"}
		}
	},
	{
		"__comment":"South plank top left to bottom right",
		"from":[8,0,16],
		"to":[11,8,16.25],
		"faces": {
			"down":{"uv":	[8,15,11,16],"texture":"#south","cullface":"south"},
			"up":{"uv":		[8,8,11,9],"texture":"#south","cullface":"south"},
			"south":{"uv":	[8,8,11,16],"texture":"#south","cullface":"south"},
			"west":{"uv":	[8,8,9,16],"texture":"#south","cullface":"south"},
			"east":{"uv":	[10,8,11,16],"texture":"#south","cullface":"south"}
		}
	},
	{
		"__comment":"South plank top left to bottom right",
		"from":[12,1,16],
		"to":[15,15,16.25],
		"faces": {
			"down":{"uv":	[12,14,15,15],"texture":"#south","cullface":"south"},
			"south":{"uv":	[12,1,15,15],"texture":"#south","cullface":"south"},
			"west":{"uv":	[12,1,13,15],"texture":"#south","cullface":"south"},
			"east":{"uv":	[14,1,15,15],"texture":"#south","cullface":"south"}
		}
	},
	{
		"__comment":"West plank top left to bottom right",
		"from":[-0.25,1,1],
		"to":[0,10,4],
		"faces": {
			"down":{"uv":	[1,14,4,15],"texture":"#west","cullface":"west","rotation":270},
			"up":{"uv":		[1,6,4,7],"texture":"#west","cullface":"west","rotation":90},
			"north":{"uv":	[1,6,2,15],"texture":"#west","cullface":"west"},
			"south":{"uv":	[3,6,4,15],"texture":"#west","cullface":"west"},
			"west":{"uv":	[1,6,4,15],"texture":"#west","cullface":"west"}
		}
	},
	{
		"__comment":"West plank top left to bottom right",
		"from":[-0.25,9,5],
		"to":[0,15,8],
		"faces": {
			"down":{"uv":	[5,6,8,7],"texture":"#west","cullface":"west","rotation":270},
			"north":{"uv":	[5,1,6,7],"texture":"#west","cullface":"west"},
			"south":{"uv":	[7,1,8,7],"texture":"#west","cullface":"west"},
			"west":{"uv":	[5,1,8,7],"texture":"#west","cullface":"west"}
		}
	},
	{
		"__comment":"West plank top left to bottom right",
		"from":[-0.25,9,9],
		"to":[0,15,12],
		"faces": {
			"down":{"uv":	[9,6,12,7],"texture":"#west","cullface":"west","rotation":270},
			"north":{"uv":	[9,1,10,7],"texture":"#west","cullface":"west"},
			"south":{"uv":	[11,1,12,7],"texture":"#west","cullface":"west"},
			"west":{"uv":	[9,1,12,7],"texture":"#west","cullface":"west"}
		}
	},
	{
		"__comment":"West plank top left to bottom right",
		"from":[-0.25,1,5],
		"to":[0,2,12],
		"faces": {
			"down":{"uv":	[5,14,12,15],"texture":"#west","cullface":"west","rotation":270},
			"up":{"uv":		[5,14,12,15],"texture":"#west","cullface":"west","rotation":90},
			"north":{"uv":	[5,14,6,15],"texture":"#west","cullface":"west"},
			"south":{"uv":	[11,14,12,15],"texture":"#west","cullface":"west"},
			"west":{"uv":	[5,14,12,15],"texture":"#west","cullface":"west"}
		}
	},
	{
		"__comment":"West plank top left to bottom right",
		"from":[-0.25,9,13],
		"to":[0,15,16],
		"faces": {
			"down":{"uv":	[13,6,16,7],"texture":"#west","cullface":"west","rotation":270},
			"north":{"uv":	[13,1,14,7],"texture":"#west","cullface":"west"},
			"south":{"uv":	[15,1,16,7],"texture":"#west","cullface":"west"},
			"west":{"uv":	[13,1,16,7],"texture":"#west","cullface":"west"}
		}
	},
	{
		"__comment":"West plank top left to bottom right",
		"from":[-0.25,1,13],
		"to":[0,8,16],
		"faces": {
			"down":{"uv":	[13,14,16,15],"texture":"#west","cullface":"west","rotation":270},
			"up":{"uv":		[13,8,16,9],"texture":"#west","cullface":"west","rotation":90},
			"north":{"uv":	[13,8,14,15],"texture":"#west","cullface":"west"},
			"south":{"uv":	[15,8,16,15],"texture":"#west","cullface":"west"},
			"west":{"uv":	[13,8,16,15],"texture":"#west","cullface":"west"}
		}
	},
	{
		"__comment":"West drawer top",
		"from":[-0.5,7,5],
		"to":[0,8,12],
		"faces": {
			"down":{"uv":	[5,8,12,9],"texture":"#west","cullface":"west","rotation":270},
			"up":{"uv":		[5,8,12,9],"texture":"#west","cullface":"west","rotation":90},
			"north":{"uv":	[5,8,6,9],"texture":"#west","cullface":"west"},
			"south":{"uv":	[11,8,12,9],"texture":"#west","cullface":"west"},
			"west":{"uv":	[5,8,12,9],"texture":"#west","cullface":"west"}
		}
	},
	{
		"__comment":"West drawer left",
		"from":[-0.5,3,5],
		"to":[0,7,6],
		"faces": {
			"north":{"uv":	[5,9,6,13],"texture":"#west","cullface":"west"},
			"south":{"uv":	[5,9,6,13],"texture":"#west","cullface":"west"},
			"west":{"uv":	[5,9,6,13],"texture":"#west","cullface":"west"}
		}
	},
	{
		"__comment":"West drawer right",
		"from":[-0.5,3,11],
		"to":[0,7,12],
		"faces": {
			"north":{"uv":	[11,9,12,13],"texture":"#west","cullface":"west"},
			"south":{"uv":	[11,9,12,13],"texture":"#west","cullface":"west"},
			"west":{"uv":	[11,9,12,13],"texture":"#west","cullface":"west"}
		}
	},
	{
		"__comment":"West drawer bottom",
		"from":[-0.5,2,5],
		"to":[0,3,12],
		"faces": {
			"down":{"uv":	[5,13,12,14],"texture":"#west","cullface":"west","rotation":270},
			"up":{"uv":		[5,13,12,14],"texture":"#west","cullface":"west","rotation":90},
			"north":{"uv":	[5,13,6,14],"texture":"#west","cullface":"west"},
			"south":{"uv":	[11,13,12,14],"texture":"#west","cullface":"west"},
			"west":{"uv":	[5,13,12,14],"texture":"#west","cullface":"west"}
		}
	},
	{
		"__comment":"West drawer handle",
		"from":[-0.5,5,8],
		"to":[0,6,9],
		"faces": {
			"down":{"uv":	[8,10,9,11],"texture":"#west","cullface":"west"},
			"up":{"uv":		[8,10,9,11],"texture":"#west","cullface":"west"},
			"north":{"uv":	[8,10,9,11],"texture":"#west","cullface":"west"},
			"south":{"uv":	[8,10,9,11],"texture":"#west","cullface":"west"},
			"west":{"uv":	[8,10,9,11],"texture":"#west","cullface":"west"}
		}
	},
	{
		"__comment":"Bottom plank top left to bottom right",
		"from":[1,-0.25,9],
		"to":[4,0,16],
		"faces": {
			"down":{"uv":	[1,0,4,7],"texture":"#bottom","cullface":"down"},
			"north":{"uv":	[1,6,4,7],"texture":"#bottom","cullface":"down","rotation":180},
			"south":{"uv":	[1,0,4,1],"texture":"#bottom","cullface":"down"},
			"west":{"uv":	[1,0,2,7],"texture":"#bottom","cullface":"down","rotation":90},
			"east":{"uv":	[3,0,4,7],"texture":"#bottom","cullface":"down","rotation":270}
		}
	},
	{
		"__comment":"Bottom plank top left to bottom right",
		"from":[1,-0.25,0],
		"to":[4,0,8],
		"faces": {
			"down":{"uv":	[1,8,4,16],"texture":"#bottom","cullface":"down"},
			"north":{"uv":	[1,15,4,16],"texture":"#bottom","cullface":"down","rotation":180},
			"south":{"uv":	[1,8,4,9],"texture":"#bottom","cullface":"down"},
			"west":{"uv":	[1,8,2,16],"texture":"#bottom","cullface":"down","rotation":90},
			"east":{"uv":	[3,8,4,16],"texture":"#bottom","cullface":"down","rotation":270}
		}
	},
	{
		"__comment":"Bottom plank top left to bottom right",
		"from":[5,-0.25,1],
		"to":[8,0,16],
		"faces": {
			"down":{"uv":	[5,0,8,15],"texture":"#bottom","cullface":"down"},
			"north":{"uv":	[5,14,8,15],"texture":"#bottom","cullface":"down","rotation":180},
			"south":{"uv":	[5,0,8,1],"texture":"#bottom","cullface":"down"},
			"west":{"uv":	[5,0,6,15],"texture":"#bottom","cullface":"down","rotation":90},
			"east":{"uv":	[7,0,8,15],"texture":"#bottom","cullface":"down","rotation":270}
		}
	},
	{
		"__comment":"Bottom plank top left to bottom right",
		"from":[9,-0.25,9],
		"to":[12,0,16],
		"faces": {
			"down":{"uv":	[9,0,12,7],"texture":"#bottom","cullface":"down"},
			"north":{"uv":	[9,6,12,7],"texture":"#bottom","cullface":"down","rotation":180},
			"south":{"uv":	[9,0,12,1],"texture":"#bottom","cullface":"down"},
			"west":{"uv":	[9,0,10,7],"texture":"#bottom","cullface":"down","rotation":90},
			"east":{"uv":	[11,0,12,7],"texture":"#bottom","cullface":"down","rotation":270}
		}
	},
	{
		"__comment":"Bottom plank top left to bottom right",
		"from":[9,-0.25,0],
		"to":[12,0,8],
		"faces": {
			"down":{"uv":	[9,8,12,16],"texture":"#bottom","cullface":"down"},
			"north":{"uv":	[9,15,12,16],"texture":"#bottom","cullface":"down","rotation":180},
			"south":{"uv":	[9,8,12,9],"texture":"#bottom","cullface":"down"},
			"west":{"uv":	[9,8,10,16],"texture":"#bottom","cullface":"down","rotation":90},
			"east":{"uv":	[11,8,12,16],"texture":"#bottom","cullface":"down","rotation":270}
		}
	},
	{
		"__comment":"Bottom plank top left to bottom right",
		"from":[13,-0.25,1],
		"to":[16,0,16],
		"faces": {
			"down":{"uv":	[13,0,16,15],"texture":"#bottom","cullface":"down"},
			"north":{"uv":	[13,14,16,15],"texture":"#bottom","cullface":"down","rotation":180},
			"south":{"uv":	[13,0,16,1],"texture":"#bottom","cullface":"down"},
			"west":{"uv":	[13,0,14,15],"texture":"#bottom","cullface":"down","rotation":90},
			"east":{"uv":	[15,0,16,15],"texture":"#bottom","cullface":"down","rotation":270}
            }
        }
    ]
}