{
"__comment":"Made by Know2Good, part of the 'Default 3D' resource pack || Official download page: http://www.planetminecraft.com/texture_pack/default-3d-2985741/ || © Know2Good. All rights reserved. ",
"__comment":"OK",

"parent": "block/generic_block",

"textures": {
	"tools":		"know2good/blocks/gui/table/smithing/tools",
	"front":		"know2good/blocks/gui/table/smithing/front",
	"top":			"know2good/blocks/gui/table/smithing/top",
	"side":			"know2good/blocks/gui/table/smithing/side",
	"bottom":		"know2good/blocks/gui/table/smithing/bottom",
	"particle":		"know2good/blocks/gui/table/smithing/front"
},
"elements": [
	{
		"__comment": "Top",
		"from": [0,13,0],
		"to": [16,16,16],
		"faces": {
			"down":{"uv":	[0,16,16,0],"texture":"#bottom","cullface":"Know2Good"},
			"up":{"uv":		[0,0,16,16],"texture":"#top","cullface":"up"},
			"north":{"uv":	[0,0,16,1],"texture":"#top","cullface":"north","rotation":180},
			"south":{"uv":	[0,15,16,16],"texture":"#top","cullface":"south"},
			"west":{"uv":	[0,0,1,16],"texture":"#top","cullface":"west","rotation":270},
			"east":{"uv":	[15,0,16,16],"texture":"#top","cullface":"east","rotation":90}
		}
	},
	{
		"__comment": "Top north",
		"from": [0,13,-1],
		"to": [16,15,0],
		"faces": {
			"down":{"uv":	[0,1,16,2],"texture":"#front","cullface":"north"},
			"up":{"uv":		[0,0,16,1],"texture":"#front","cullface":"north"},
			"north":{"uv":	[16,0,0,2],"texture":"#front","cullface":"north"},
			"west":{"uv":	[15,0,16,2],"texture":"#front","cullface":"north"},
			"east":{"uv":	[0,0,1,2],"texture":"#front","cullface":"north"}
		}
	},
	{
		"__comment": "Top east",
		"from": [16,13,0],
		"to": [17,15,16],
		"faces": {
			"down":{"uv":	[0,1,16,2],"texture":"#side","cullface":"east","rotation":90},
			"up":{"uv":		[0,0,16,1],"texture":"#side","cullface":"east","rotation":270},
			"north":{"uv":	[15,0,16,2],"texture":"#side","cullface":"east"},
			"south":{"uv":	[0,0,1,2],"texture":"#side","cullface":"east"},
			"east":{"uv":	[0,0,16,2],"texture":"#side","cullface":"east"}
		}
	},
	{
		"__comment": "Top south",
		"from": [0,13,16],
		"to": [16,15,17],
		"faces": {
			"down":{"uv":	[0,1,16,2],"texture":"#front","cullface":"south"},
			"up":{"uv":		[0,0,16,1],"texture":"#front","cullface":"south"},
			"south":{"uv":	[0,0,16,2],"texture":"#front","cullface":"south"},
			"west":{"uv":	[0,0,1,2],"texture":"#front","cullface":"south"},
			"east":{"uv":	[15,0,16,2],"texture":"#front","cullface":"south"}
		}
	},
	{
		"__comment": "Top west",
		"from": [-1,13,0],
		"to": [0,15,16],
		"faces": {
			"down":{"uv":	[0,1,16,2],"texture":"#side","cullface":"west","rotation":270},
			"up":{"uv":		[0,0,16,1],"texture":"#side","cullface":"west","rotation":90},
			"north":{"uv":	[0,0,1,2],"texture":"#side","cullface":"west"},
			"south":{"uv":	[15,0,16,2],"texture":"#side","cullface":"west"},
			"west":{"uv":	[0,0,16,2],"texture":"#side","cullface":"west"}
		}
	},
	{
		"__comment": "Center",
		"from": [2,1,2],
		"to": [14,12,14],
		"faces": {
			"north":{"uv":	[2,4,14,15],"texture":"#front","cullface":"north"},
			"south":{"uv":	[2,4,14,15],"texture":"#front","cullface":"south"},
			"west":{"uv":	[2,4,14,15],"texture":"#side","cullface":"west"},
			"east":{"uv":	[2,4,14,15],"texture":"#side","cullface":"east"}
		}
	},
	{
		"__comment": "North top plank",
		"from": [2,9,1.75],
		"to": [14,12,2],
		"faces": {
			"down":{"uv":	[2,6,14,7],"texture":"#front","cullface":"north","rotation":180},
			"up":{"uv":		[2,4,14,5],"texture":"#front","cullface":"north","rotation":180},
			"north":{"uv":	[2,4,14,7],"texture":"#front","cullface":"north"}
		}
	},
	{
		"__comment": "North middle plank",
		"from": [2,5,1.75],
		"to": [14,8,2],
		"faces": {
			"down":{"uv":	[2,10,14,11],"texture":"#front","cullface":"north","rotation":180},
			"up":{"uv":		[2,8,14,9],"texture":"#front","cullface":"north","rotation":180},
			"north":{"uv":	[2,8,14,11],"texture":"#front","cullface":"north"}
		}
	},
	{
		"__comment": "North bottom plank",
		"from": [2,1,1.75],
		"to": [14,4,2],
		"faces": {
			"down":{"uv":	[2,14,14,15],"texture":"#front","cullface":"north","rotation":180},
			"up":{"uv":		[2,12,14,13],"texture":"#front","cullface":"north","rotation":180},
			"north":{"uv":	[2,12,14,15],"texture":"#front","cullface":"north"}
		}
	},
	{
		"__comment": "North file",
		"from": [12,7,1],
		"to": [13,10,1.5],
		"faces": {
			"up":{"uv":		[10,0,11,1],"texture":"#tools","cullface":"north"},
			"north":{"uv":	[10,0,11,3],"texture":"#tools","cullface":"north"},
			"west":{"uv":	[10,0,11,3],"texture":"#tools","cullface":"north"},
			"east":{"uv":	[10,0,11,3],"texture":"#tools","cullface":"north"}
		}
	},
	{
		"__comment": "North file handle",
		"from": [11.875,4,0.75],
		"to": [13.125,7,1.75],
		"faces": {
			"down":{"uv":	[10,5,11,6],"texture":"#tools","cullface":"north"},
			"up":{"uv":		[10,3,11,4],"texture":"#tools","cullface":"north"},
			"north":{"uv":	[10,3,11,6],"texture":"#tools","cullface":"north"},
			"west":{"uv":	[10,3,11,6],"texture":"#tools","cullface":"north"},
			"east":{"uv":	[10,3,11,6],"texture":"#tools","cullface":"north"}
		}
	},
	{
		"__comment": "North rasp",
		"from": [10,4,1],
		"to": [11,11,1.5],
		"faces": {
			"down":{"uv":	[10,12,11,13],"texture":"#tools","cullface":"north"},
			"up":{"uv":		[10,6,11,7],"texture":"#tools","cullface":"north"},
			"north":{"uv":	[10,6,11,13],"texture":"#tools","cullface":"north"},
			"west":{"uv":	[10,6,11,13],"texture":"#tools","cullface":"north"},
			"east":{"uv":	[10,6,11,13],"texture":"#tools","cullface":"north"}
		}
	},
	{
		"__comment": "North rasp handle",
		"from": [9.875,5,0.75],
		"to": [11.125,8,1.75],
		"faces": {
			"down":{"uv":	[10,11,11,12],"texture":"#tools","cullface":"north"},
			"up":{"uv":		[10,9,11,10],"texture":"#tools","cullface":"north"},
			"north":{"uv":	[10,9,11,12],"texture":"#tools","cullface":"north"},
			"west":{"uv":	[10,9,11,12],"texture":"#tools","cullface":"north"},
			"east":{"uv":	[10,9,11,12],"texture":"#tools","cullface":"north"}
		}
	},
	{
		"__comment": "North tongs top left to top right",
		"from": [7,7,0.75],
		"to": [8,10,1.75],
		"faces": {
			"down":{"uv":	[11,2,12,3],"texture":"#tools","cullface":"north"},
			"up":{"uv":		[11,0,12,1],"texture":"#tools","cullface":"north"},
			"north":{"uv":	[11,0,12,3],"texture":"#tools","cullface":"north"},
			"west":{"uv":	[11,0,12,3],"texture":"#tools","cullface":"north"},
			"east":{"uv":	[11,0,12,3],"texture":"#tools","cullface":"north"}
		}
	},
	{
		"__comment": "North tongs top left to top right",
		"from": [6,9,0.75],
		"to": [7,10,1.75],
		"faces": {
			"down":{"uv":	[12,0,13,1],"texture":"#tools","cullface":"north"},
			"up":{"uv":		[12,0,13,1],"texture":"#tools","cullface":"north"},
			"north":{"uv":	[12,0,13,1],"texture":"#tools","cullface":"north"},
			"west":{"uv":	[12,0,13,1],"texture":"#tools","cullface":"north"}
		}
	},
	{
		"__comment": "North tongs top left to top right",
		"from": [6,5,1],
		"to": [7,7,1.5],
		"faces": {
			"down":{"uv":	[12,4,13,5],"texture":"#tools","cullface":"north"},
			"up":{"uv":		[12,3,13,4],"texture":"#tools","cullface":"north"},
			"north":{"uv":	[12,3,13,5],"texture":"#tools","cullface":"north"},
			"west":{"uv":	[12,3,13,5],"texture":"#tools","cullface":"north"},
			"east":{"uv":	[12,3,13,5],"texture":"#tools","cullface":"north"}
		}
	},
	{
		"__comment": "North tongs top left to top right",
		"from": [5,3,1],
		"to": [6,5,1.5],
		"faces": {
			"down":{"uv":	[13,6,14,7],"texture":"#tools","cullface":"north"},
			"up":{"uv":		[13,5,14,6],"texture":"#tools","cullface":"north"},
			"north":{"uv":	[13,5,14,7],"texture":"#tools","cullface":"north"},
			"west":{"uv":	[13,5,14,7],"texture":"#tools","cullface":"north"},
			"east":{"uv":	[13,5,14,7],"texture":"#tools","cullface":"north"}
		}
	},
	{
		"__comment": "North tongs top left to top right",
		"from": [4,5,1],
		"to": [5,7,1.5],
		"faces": {
			"down":{"uv":	[14,4,15,5],"texture":"#tools","cullface":"north"},
			"up":{"uv":		[14,3,15,4],"texture":"#tools","cullface":"north"},
			"north":{"uv":	[14,3,15,5],"texture":"#tools","cullface":"north"},
			"west":{"uv":	[14,3,15,5],"texture":"#tools","cullface":"north"},
			"east":{"uv":	[14,3,15,5],"texture":"#tools","cullface":"north"}
		}
	},
	{
		"__comment": "North tongs top left to top right",
		"from": [4,9,0.75],
		"to": [5,10,1.75],
		"faces": {
			"down":{"uv":	[14,0,15,1],"texture":"#tools","cullface":"north"},
			"up":{"uv":		[14,0,15,1],"texture":"#tools","cullface":"north"},
			"north":{"uv":	[14,0,15,1],"texture":"#tools","cullface":"north"},
			"east":{"uv":	[14,0,15,1],"texture":"#tools","cullface":"north"}
		}
	},
	{
		"__comment": "North tongs top left to top right",
		"from": [3,7,0.75],
		"to": [4,10,1.75],
		"faces": {
			"down":{"uv":	[15,2,16,3],"texture":"#tools","cullface":"north"},
			"up":{"uv":		[15,0,16,1],"texture":"#tools","cullface":"north"},
			"north":{"uv":	[15,0,16,3],"texture":"#tools","cullface":"north"},
			"west":{"uv":	[15,0,16,3],"texture":"#tools","cullface":"north"},
			"east":{"uv":	[15,0,16,3],"texture":"#tools","cullface":"north"}
		}
	},
	{
		"__comment": "East top plank",
		"from": [14,9,2],
		"to": [14.25,12,14],
		"faces": {
			"down":{"uv":	[2,6,14,7],"texture":"#side","cullface":"east","rotation":90},
			"up":{"uv":		[2,4,14,5],"texture":"#side","cullface":"east","rotation":270},
			"east":{"uv":	[2,4,14,7],"texture":"#side","cullface":"east"}
		}
	},
	{
		"__comment": "East middle plank",
		"from": [14,5,2],
		"to": [14.25,8,14],
		"faces": {
			"down":{"uv":	[2,10,14,11],"texture":"#side","cullface":"east","rotation":90},
			"up":{"uv":		[2,8,14,9],"texture":"#side","cullface":"east","rotation":270},
			"east":{"uv":	[2,8,14,11],"texture":"#side","cullface":"east"}
		}
	},
	{
		"__comment": "East bottom plank",
		"from": [14,1,2],
		"to": [14.25,4,14],
		"faces": {
			"down":{"uv":	[2,14,14,15],"texture":"#side","cullface":"east","rotation":90},
			"up":{"uv":		[2,12,14,13],"texture":"#side","cullface":"east","rotation":270},
			"east":{"uv":	[2,12,14,15],"texture":"#side","cullface":"east"}
		}
	},
	{
		"__comment": "East hammer head",
		"from": [14.25,7,8],
		"to": [17.25,10,13],
		"faces": {
			"down":{"uv":	[3,4,8,7],"texture":"#tools","cullface":"east","rotation":90},
			"up":{"uv":		[3,0,8,3],"texture":"#tools","cullface":"east","rotation":270},
			"north":{"uv":	[7,2,10,5],"texture":"#tools","cullface":"east"},
			"south":{"uv":	[1,2,4,5],"texture":"#tools","cullface":"east"},
			"east":{"uv":	[3,2,8,5],"texture":"#tools","cullface":"east"}
		}
	},
	{
		"__comment": "East hammer handle",
		"from": [15.25,3,10],
		"to": [16.25,11,11],
		"faces": {
			"down":{"uv":	[0,7,1,8],"texture":"#tools","cullface":"east"},
			"up":{"uv":		[0,0,1,1],"texture":"#tools","cullface":"east"},
			"north":{"uv":	[0,0,1,8],"texture":"#tools","cullface":"east"},
			"south":{"uv":	[0,0,1,8],"texture":"#tools","cullface":"east"},
			"east":{"uv":	[0,0,1,8],"texture":"#tools","cullface":"east"}
		}
	},
	{
		"__comment": "South top plank",
		"from": [2,9,14],
		"to": [14,12,14.25],
		"faces": {
			"down":{"uv":	[2,6,14,7],"texture":"#front","cullface":"south"},
			"up":{"uv":		[2,4,14,5],"texture":"#front","cullface":"south"},
			"south":{"uv":	[2,4,14,7],"texture":"#front","cullface":"south"}
		}
	},
	{
		"__comment": "South middle plank",
		"from": [2,5,14],
		"to": [14,8,14.25],
		"faces": {
			"down":{"uv":	[2,10,14,11],"texture":"#front","cullface":"south"},
			"up":{"uv":		[2,8,14,9],"texture":"#front","cullface":"south"},
			"south":{"uv":	[2,8,14,11],"texture":"#front","cullface":"south"}
		}
	},
	{
		"__comment": "South bottom plank",
		"from": [2,1,14],
		"to": [14,4,14.25],
		"faces": {
			"down":{"uv":	[2,14,14,15],"texture":"#front","cullface":"south"},
			"up":{"uv":		[2,12,14,13],"texture":"#front","cullface":"south"},
			"south":{"uv":	[2,12,14,15],"texture":"#front","cullface":"south"}
		}
	},
	{
		"__comment": "South file",
		"from": [3,7,14.5],
		"to": [4,10,15],
		"faces": {
			"up":{"uv":		[10,0,11,1],"texture":"#tools","cullface":"south"},
			"south":{"uv":	[10,0,11,3],"texture":"#tools","cullface":"south"},
			"west":{"uv":	[10,0,11,3],"texture":"#tools","cullface":"south"},
			"east":{"uv":	[10,0,11,3],"texture":"#tools","cullface":"south"}
		}
	},
	{
		"__comment": "South file handle",
		"from": [2.875,4,14.25],
		"to": [4.125,7,15.25],
		"faces": {
			"down":{"uv":	[10,5,11,6],"texture":"#tools","cullface":"south"},
			"up":{"uv":		[10,3,11,4],"texture":"#tools","cullface":"south"},
			"south":{"uv":	[10,3,11,6],"texture":"#tools","cullface":"south"},
			"west":{"uv":	[10,3,11,6],"texture":"#tools","cullface":"south"},
			"east":{"uv":	[10,3,11,6],"texture":"#tools","cullface":"south"}
		}
	},
	{
		"__comment": "South rasp",
		"from": [5,4,14.5],
		"to": [6,11,15],
		"faces": {
			"down":{"uv":	[10,12,11,13],"texture":"#tools","cullface":"south"},
			"up":{"uv":		[10,6,11,7],"texture":"#tools","cullface":"south"},
			"south":{"uv":	[10,6,11,13],"texture":"#tools","cullface":"south"},
			"west":{"uv":	[10,6,11,13],"texture":"#tools","cullface":"south"},
			"east":{"uv":	[10,6,11,13],"texture":"#tools","cullface":"south"}
		}
	},
	{
		"__comment": "South rasp handle",
		"from": [4.875,5,14.25],
		"to": [6.125,8,15.25],
		"faces": {
			"down":{"uv":	[10,11,11,12],"texture":"#tools","cullface":"south"},
			"up":{"uv":		[10,9,11,10],"texture":"#tools","cullface":"south"},
			"south":{"uv":	[10,9,11,12],"texture":"#tools","cullface":"south"},
			"west":{"uv":	[10,9,11,12],"texture":"#tools","cullface":"south"},
			"east":{"uv":	[10,9,11,12],"texture":"#tools","cullface":"south"}
		}
	},
	{
		"__comment": "South tongs top left to top right",
		"from": [8,7,14.25],
		"to": [9,10,15.25],
		"faces": {
			"down":{"uv":	[11,2,12,3],"texture":"#tools","cullface":"south"},
			"up":{"uv":		[11,0,12,1],"texture":"#tools","cullface":"south"},
			"south":{"uv":	[11,0,12,3],"texture":"#tools","cullface":"south"},
			"west":{"uv":	[11,0,12,3],"texture":"#tools","cullface":"south"},
			"east":{"uv":	[11,0,12,3],"texture":"#tools","cullface":"south"}
		}
	},
	{
		"__comment": "South tongs top left to top right",
		"from": [9,9,14.25],
		"to": [10,10,15.25],
		"faces": {
			"down":{"uv":	[12,0,13,1],"texture":"#tools","cullface":"south"},
			"up":{"uv":		[12,0,13,1],"texture":"#tools","cullface":"south"},
			"south":{"uv":	[12,0,13,1],"texture":"#tools","cullface":"south"},
			"east":{"uv":	[12,0,13,1],"texture":"#tools","cullface":"south"}
		}
	},
	{
		"__comment": "South tongs top left to top right",
		"from": [9,5,14.5],
		"to": [10,7,15],
		"faces": {
			"down":{"uv":	[12,4,13,5],"texture":"#tools","cullface":"south"},
			"up":{"uv":		[12,3,13,4],"texture":"#tools","cullface":"south"},
			"south":{"uv":	[12,3,13,5],"texture":"#tools","cullface":"south"},
			"west":{"uv":	[12,3,13,5],"texture":"#tools","cullface":"south"},
			"east":{"uv":	[12,3,13,5],"texture":"#tools","cullface":"south"}
		}
	},
	{
		"__comment": "South tongs top left to top right",
		"from": [10,3,14.5],
		"to": [11,5,15],
		"faces": {
			"down":{"uv":	[13,6,14,7],"texture":"#tools","cullface":"south"},
			"up":{"uv":		[13,5,14,6],"texture":"#tools","cullface":"south"},
			"south":{"uv":	[13,5,14,7],"texture":"#tools","cullface":"south"},
			"west":{"uv":	[13,5,14,7],"texture":"#tools","cullface":"south"},
			"east":{"uv":	[13,5,14,7],"texture":"#tools","cullface":"south"}
		}
	},
	{
		"__comment": "South tongs top left to top right",
		"from": [11,5,14.5],
		"to": [12,7,15],
		"faces": {
			"down":{"uv":	[14,4,15,5],"texture":"#tools","cullface":"south"},
			"up":{"uv":		[14,3,15,4],"texture":"#tools","cullface":"south"},
			"south":{"uv":	[14,3,15,5],"texture":"#tools","cullface":"south"},
			"west":{"uv":	[14,3,15,5],"texture":"#tools","cullface":"south"},
			"east":{"uv":	[14,3,15,5],"texture":"#tools","cullface":"south"}
		}
	},
	{
		"__comment": "South tongs top left to top right",
		"from": [11,9,14.25],
		"to": [12,10,15.25],
		"faces": {
			"down":{"uv":	[14,0,15,1],"texture":"#tools","cullface":"south"},
			"up":{"uv":		[14,0,15,1],"texture":"#tools","cullface":"south"},
			"south":{"uv":	[14,0,15,1],"texture":"#tools","cullface":"south"},
			"west":{"uv":	[14,0,15,1],"texture":"#tools","cullface":"south"}
		}
	},
	{
		"__comment": "South tongs top left to top right",
		"from": [12,7,14.25],
		"to": [13,10,15.25],
		"faces": {
			"down":{"uv":	[15,2,16,3],"texture":"#tools","cullface":"south"},
			"up":{"uv":		[15,0,16,1],"texture":"#tools","cullface":"south"},
			"south":{"uv":	[15,0,16,3],"texture":"#tools","cullface":"south"},
			"west":{"uv":	[15,0,16,3],"texture":"#tools","cullface":"south"},
			"east":{"uv":	[15,0,16,3],"texture":"#tools","cullface":"south"}
		}
	},
	{
		"__comment": "West top plank",
		"from": [1.75,9,2],
		"to": [12,12,14],
		"faces": {
			"down":{"uv":	[2,6,14,7],"texture":"#side","cullface":"west","rotation":270},
			"up":{"uv":		[2,4,14,5],"texture":"#side","cullface":"west","rotation":90},
			"west":{"uv":	[2,4,14,7],"texture":"#side","cullface":"west"}
		}
	},
	{
		"__comment": "West middle plank",
		"from": [1.75,5,2],
		"to": [2,8,14],
		"faces": {
			"down":{"uv":	[2,10,14,11],"texture":"#side","cullface":"west","rotation":270},
			"up":{"uv":		[2,8,14,9],"texture":"#side","cullface":"west","rotation":90},
			"west":{"uv":	[2,8,14,11],"texture":"#side","cullface":"west"}
		}
	},
	{
		"__comment": "West bottom plank",
		"from": [1.75,1,2],
		"to": [2,4,14],
		"faces": {
			"down":{"uv":	[2,14,14,15],"texture":"#side","cullface":"west","rotation":270},
			"up":{"uv":		[2,12,14,13],"texture":"#side","cullface":"west","rotation":90},
			"west":{"uv":	[2,12,14,15],"texture":"#side","cullface":"west"}
		}
	},
	{
		"__comment": "West hammer head",
		"from": [-1.25,7,3],
		"to": [1.75,10,8],
		"faces": {
			"down":{"uv":	[3,4,8,7],"texture":"#tools","cullface":"west","rotation":270},
			"up":{"uv":		[3,0,8,3],"texture":"#tools","cullface":"west","rotation":90},
			"north":{"uv":	[1,2,4,5],"texture":"#tools","cullface":"west"},
			"south":{"uv":	[7,2,10,5],"texture":"#tools","cullface":"west"},
			"west":{"uv":	[3,2,8,5],"texture":"#tools","cullface":"west"}
		}
	},
	{
		"__comment": "West hammer handle",
		"from": [-0.25,3,5],
		"to": [0.75,11,6],
		"faces": {
			"down":{"uv":	[0,7,1,8],"texture":"#tools","cullface":"west"},
			"up":{"uv":		[0,0,1,1],"texture":"#tools","cullface":"west"},
			"north":{"uv":	[0,0,1,8],"texture":"#tools","cullface":"west"},
			"south":{"uv":	[0,0,1,8],"texture":"#tools","cullface":"west"},
			"west":{"uv":	[0,0,1,8],"texture":"#tools","cullface":"west"}
		}
	},
	{
		"__comment": "Frame top north",
		"from": [1,12,1],
		"to": [15,13,2],
		"faces": {
			"down":{"uv":	[1,3,15,4],"texture":"#front","cullface":"north"},
			"north":{"uv":	[1,3,15,4],"texture":"#front","cullface":"north","rotation":180}
		}
	},
	{
		"__comment": "Frame top east",
		"from": [14,12,1],
		"to": [15,13,15],
		"faces": {
			"down":{"uv":	[1,3,15,4],"texture":"#side","cullface":"east","rotation":90},
			"east":{"uv":	[1,3,15,4],"texture":"#side","cullface":"east"}
		}
	},
	{
		"__comment": "Frame top south",
		"from": [1,12,14],
		"to": [15,13,15],
		"faces": {
			"down":{"uv":	[1,3,15,4],"texture":"#front","cullface":"south"},
			"south":{"uv":	[1,3,15,4],"texture":"#front","cullface":"south"}
		}
	},
	{
		"__comment": "Frame top west",
		"from": [1,12,1],
		"to": [2,13,15],
		"faces": {
			"down":{"uv":	[1,3,15,4],"texture":"#side","cullface":"west","rotation":270},
			"west":{"uv":	[1,3,15,4],"texture":"#side","cullface":"west"}
		}
	},
	{
		"__comment": "Frame north-west outer",
		"from": [0,1,0],
		"to": [1,13,1],
		"faces": {
			"north":{"uv":	[0,4,1,16],"texture":"#front","cullface":"north"},
			"south":{"uv":	[0,4,1,16],"texture":"#front","cullface":"west"},
			"west":{"uv":	[0,4,1,16],"texture":"#front","cullface":"west"},
			"east":{"uv":	[0,4,1,16],"texture":"#front","cullface":"north"}
		}
	},
	{
		"__comment": "Frame north-west inner",
		"from": [1,1,1],
		"to": [2,12,2],
		"faces": {
			"north":{"uv":	[1,5,2,16],"texture":"#front","cullface":"north"},
			"south":{"uv":	[1,5,2,16],"texture":"#front","cullface":"west"},
			"west":{"uv":	[1,5,2,16],"texture":"#front","cullface":"west"},
			"east":{"uv":	[1,5,2,16],"texture":"#front","cullface":"north"}
		}
	},
	{
		"__comment": "Frame north-east outer",
		"from": [15,1,0],
		"to": [16,13,1],
		"faces": {
			"north":{"uv":	[15,4,16,16],"texture":"#front","cullface":"north"},
			"south":{"uv":	[15,4,16,16],"texture":"#front","cullface":"east"},
			"west":{"uv":	[15,4,16,16],"texture":"#front","cullface":"north"},
			"east":{"uv":	[15,4,16,16],"texture":"#front","cullface":"east"}
		}
	},
	{
		"__comment": "Frame north-east inner",
		"from": [14,1,1],
		"to": [15,12,2],
		"faces": {
			"north":{"uv":	[14,5,15,16],"texture":"#front","cullface":"north"},
			"south":{"uv":	[14,5,15,16],"texture":"#front","cullface":"east"},
			"west":{"uv":	[14,5,15,16],"texture":"#front","cullface":"north"},
			"east":{"uv":	[14,5,15,16],"texture":"#front","cullface":"east"}
		}
	},
	{
		"__comment": "Frame south-east outer",
		"from": [15,1,15],
		"to": [16,13,16],
		"faces": {
			"north":{"uv":	[0,4,1,16],"texture":"#side","cullface":"east"},
			"south":{"uv":	[0,4,1,16],"texture":"#side","cullface":"south"},
			"west":{"uv":	[0,4,1,16],"texture":"#side","cullface":"south"},
			"east":{"uv":	[0,4,1,16],"texture":"#side","cullface":"east"}
		}
	},
	{
		"__comment": "Frame south-east inner",
		"from": [14,1,14],
		"to": [15,12,15],
		"faces": {
			"north":{"uv":	[1,5,2,16],"texture":"#side","cullface":"east"},
			"south":{"uv":	[1,5,2,16],"texture":"#side","cullface":"south"},
			"west":{"uv":	[1,5,2,16],"texture":"#side","cullface":"south"},
			"east":{"uv":	[1,5,2,16],"texture":"#side","cullface":"east"}
		}
	},
	{
		"__comment": "Frame south-west outer",
		"from": [0,1,15],
		"to": [1,13,16],
		"faces": {
			"north":{"uv":	[15,4,16,16],"texture":"#side","cullface":"west"},
			"south":{"uv":	[15,4,16,16],"texture":"#side","cullface":"south"},
			"west":{"uv":	[15,4,16,16],"texture":"#side","cullface":"west"},
			"east":{"uv":	[15,4,16,16],"texture":"#side","cullface":"south"}
		}
	},
	{
		"__comment": "Frame south-west inner",
		"from": [1,1,14],
		"to": [2,12,15],
		"faces": {
			"north":{"uv":	[14,5,15,16],"texture":"#side","cullface":"west"},
			"south":{"uv":	[14,5,15,16],"texture":"#side","cullface":"south"},
			"west":{"uv":	[14,5,15,16],"texture":"#side","cullface":"west"},
			"east":{"uv":	[14,5,15,16],"texture":"#side","cullface":"south"}
		}
	},
	{
		"__comment": "Bottom",
		"from": [0,0,0],
		"to": [16,1,16],
		"faces": {
			"down":{"uv":	[0,16,16,0],"texture":"#bottom","cullface":"down"},
			"up":{"uv":		[0,0,16,16],"texture":"#bottom","cullface":"Know2Good"},
			"north":{"uv":	[0,0,16,1],"texture":"#bottom","cullface":"north","rotation":180},
			"south":{"uv":	[0,15,16,16],"texture":"#bottom","cullface":"south"},
			"west":{"uv":	[0,0,1,16],"texture":"#bottom","cullface":"west","rotation":270},
			"east":{"uv":	[15,0,16,16],"texture":"#bottom","cullface":"east","rotation":90}
            }
        }
    ]
}