{
"__comment":"Made by Know2Good, part of the 'Default 3D' resource pack || Official download page: http://www.planetminecraft.com/texture_pack/default-3d-2985741/ || © Know2Good. All rights reserved. ",
"__comment":"OK",

"textures": {
	"fuel":			"know2good/blocks/gui/furnace/smoker/hot",
	"wood":			"know2good/blocks/gui/furnace/smoker/wood",
	"front":		"know2good/blocks/gui/furnace/smoker/on",
	"top":			"know2good/blocks/gui/furnace/smoker/top",
	"side":			"know2good/blocks/gui/furnace/smoker/side",
	"bottom":		"know2good/blocks/gui/furnace/smoker/bottom",
	"particle":		"know2good/blocks/gui/furnace/smoker/on"
},
"elements": [
	{
		"__comment": "Inside",
		"from": [2,7,14],
		"to": [14,13,3],
		"faces": {
			"down":{"uv":	[2,2,14,14],"texture":"#fuel","cullface":"up"},
			"north":{"uv":	[2,3,14,9],"texture":"#fuel","cullface":"up"},
			"south":{"uv":	[2,3,14,9],"texture":"#fuel","cullface":"up"},
			"west":{"uv":	[3,3,14,9],"texture":"#fuel","cullface":"up"},
			"east":{"uv":	[3,3,14,9],"texture":"#fuel","cullface":"up"}
		}
	},
	{
		"__comment": "Top north-west",
		"from": [0,16,0],
		"to": [2,17,2],
		"faces": {
			"up":{"uv":		[14,0,16,2],"texture":"#top","cullface":"up"},
			"north":{"uv":	[14,5,16,6],"texture":"#front","cullface":"up"},
			"south":{"uv":	[14,5,16,6],"texture":"#front","cullface":"up"},
			"west":{"uv":	[16,5,14,6],"texture":"#front","cullface":"up"},
			"east":{"uv":	[16,5,14,6],"texture":"#front","cullface":"up"}
		}
	},
	{
		"__comment": "Top north-east",
		"from": [14,16,0],
		"to": [16,17,2],
		"faces": {
			"up":{"uv":		[0,0,2,2],"texture":"#top","cullface":"up"},
			"north":{"uv":	[0,7,2,8],"texture":"#front","cullface":"up"},
			"south":{"uv":	[0,7,2,8],"texture":"#front","cullface":"up"},
			"west":{"uv":	[2,7,0,8],"texture":"#front","cullface":"up"},
			"east":{"uv":	[2,7,0,8],"texture":"#front","cullface":"up"}
		}
	},
	{
		"__comment": "Top south-east",
		"from": [14,16,14],
		"to": [16,17,16],
		"faces": {
			"up":{"uv":		[0,14,2,16],"texture":"#top","cullface":"up"},
			"north":{"uv":	[14,5,16,6],"texture":"#front","cullface":"east"},
			"south":{"uv":	[14,5,16,6],"texture":"#front","cullface":"south"},
			"west":{"uv":	[16,5,14,6],"texture":"#front","cullface":"south"},
			"east":{"uv":	[16,5,14,6],"texture":"#front","cullface":"east"}
		}
	},
	{
		"__comment": "Top south-west",
		"from": [0,16,14],
		"to": [2,17,16],
		"faces": {
			"up":{"uv":	[14,14,16,16],"texture":"#top","cullface":"up"},
			"north":{"uv":	[0,7,2,8],"texture":"#front","cullface":"east"},
			"south":{"uv":	[0,7,2,8],"texture":"#front","cullface":"south"},
			"west":{"uv":	[2,7,0,8],"texture":"#front","cullface":"east"},
			"east":{"uv":	[2,7,0,8],"texture":"#front","cullface":"south"}
		}
	},
	{
		"__comment": "Top north",
		"from": [2,15,0],
		"to": [14,16,2],
		"faces": {
			"down":{"uv":	[2,1,14,0],"texture":"#top","cullface":"north"},
			"up":{"uv":		[2,0,14,2],"texture":"#top","cullface":"up"},
			"north":{"uv":	[2,0,14,1],"texture":"#top","cullface":"north","rotation":180}
		}
	},
	{
		"__comment": "Top east",
		"from": [14,15,2],
		"to": [16,16,14],
		"faces": {
			"down":{"uv":	[15,14,16,2],"texture":"#top","cullface":"east"},
			"up":{"uv":		[14,2,16,14],"texture":"#top","cullface":"up"},
			"east":{"uv":	[15,2,16,14],"texture":"#top","cullface":"east","rotation":90}
		}
	},
	{
		"__comment": "Top south",
		"from": [2,15,14],
		"to": [14,16,16],
		"faces": {
			"down":{"uv":	[2,16,14,15],"texture":"#top","cullface":"south"},
			"up":{"uv":		[2,14,14,16],"texture":"#top","cullface":"up"},
			"south":{"uv":	[2,15,14,16],"texture":"#top","cullface":"south"}
		}
	},
	{
		"__comment": "Top west",
		"from": [0,15,2],
		"to": [2,16,14],
		"faces": {
			"down":{"uv":	[0,14,1,2],"texture":"#top","cullface":"west"},
			"up":{"uv":		[0,2,2,14],"texture":"#top","cullface":"up"},
			"west":{"uv":	[0,2,1,14],"texture":"#top","cullface":"west","rotation":270}
		}
	},
	{
		"__comment": "Top middle north",
		"from": [3,16,1],
		"to": [13,17,4],
		"faces": {
			"up":{"uv":		[3,1,13,4],"texture":"#top","cullface":"up"},
			"north":{"uv":	[3,1,13,2],"texture":"#top","cullface":"up","rotation":180},
			"west":{"uv":	[3,1,4,4],"texture":"#top","cullface":"up","rotation":270},
			"east":{"uv":	[12,1,13,4],"texture":"#top","cullface":"up","rotation":90}
		}
	},
	{
		"__comment": "Top middle east",
		"from": [13,16,2],
		"to": [14,17,14],
		"faces": {
			"up":{"uv":		[13,2,14,14],"texture":"#top","cullface":"up"},
			"north":{"uv":	[13,2,14,3],"texture":"#top","cullface":"up"},
			"south":{"uv":	[13,13,14,14],"texture":"#top","cullface":"up"},
			"east":{"uv":	[13,2,14,14],"texture":"#top","cullface":"up","rotation":90}
		}
	},
	{
		"__comment": "Top middle east",
		"from": [14,16,3],
		"to": [15,17,13],
		"faces": {
			"up":{"uv":		[14,3,15,13],"texture":"#top","cullface":"up"},
			"north":{"uv":	[14,3,15,4],"texture":"#top","cullface":"up"},
			"south":{"uv":	[14,12,15,13],"texture":"#top","cullface":"up"},
			"east":{"uv":	[14,3,15,13],"texture":"#top","cullface":"up","rotation":90}
		}
	},
	{
		"__comment": "Top middle south",
		"from": [3,16,12],
		"to": [13,17,15],
		"faces": {
			"up":{"uv":		[3,12,13,15],"texture":"#top","cullface":"up"},
			"south":{"uv":	[3,14,13,15],"texture":"#top","cullface":"up"},
			"west":{"uv":	[3,12,4,15],"texture":"#top","cullface":"up","rotation":270},
			"east":{"uv":	[12,12,13,15],"texture":"#top","cullface":"up","rotation":90}
		}
	},
	{
		"__comment": "Top middle west",
		"from": [2,16,2],
		"to": [3,17,14],
		"faces": {
			"up":{"uv":		[2,2,3,14],"texture":"#top","cullface":"up"},
			"north":{"uv":	[2,2,3,3],"texture":"#top","cullface":"up"},
			"south":{"uv":	[2,13,3,14],"texture":"#top","cullface":"up"},
			"west":{"uv":	[2,2,3,14],"texture":"#top","cullface":"up","rotation":270}
		}
	},
	{
		"__comment": "Top middle west",
		"from": [1,16,3],
		"to": [2,17,13],
		"faces": {
			"up":{"uv":		[1,3,2,13],"texture":"#top","cullface":"up"},
			"north":{"uv":	[1,3,2,4],"texture":"#top","cullface":"up"},
			"south":{"uv":	[1,12,2,13],"texture":"#top","cullface":"up"},
			"west":{"uv":	[1,3,2,13],"texture":"#top","cullface":"up","rotation":270}
		}
	},
	{
		"__comment": "Top egde north",
		"from": [4,15.5,3],
		"to": [12,17.5,4],
		"faces": {
			"up":{"uv":		[4,3,12,4],"texture":"#top","cullface":"up"},
			"north":{"uv":	[4,3,12,4],"texture":"#top","cullface":"up","rotation":180},
			"south":{"uv":	[4,3,12,5],"texture":"#top","cullface":"up"},
			"west":{"uv":	[11,3,12,4],"texture":"#top","cullface":"up"},
			"east":{"uv":	[4,3,5,4],"texture":"#top","cullface":"up"}
		}
	},
	{
		"__comment": "Top egde east",
		"from": [12,15.5,4],
		"to": [13,17.5,12],
		"faces": {
			"up":{"uv":		[12,4,13,12],"texture":"#top","cullface":"up"},
			"north":{"uv":	[12,4,13,5],"texture":"#top","cullface":"up"},
			"south":{"uv":	[12,11,13,12],"texture":"#top","cullface":"up"},
			"west":{"uv":	[11,4,13,12],"texture":"#top","cullface":"up","rotation":270},
			"east":{"uv":	[12,4,13,12],"texture":"#top","cullface":"up","rotation":90}
		}
	},
	{
		"__comment": "Top egde south",
		"from": [4,15.5,12],
		"to": [12,17.5,13],
		"faces": {
			"up":{"uv":		[4,12,12,13],"texture":"#top","cullface":"up"},
			"north":{"uv":	[4,11,12,13],"texture":"#top","cullface":"up","rotation":180},
			"south":{"uv":	[4,12,12,13],"texture":"#top","cullface":"up"},
			"west":{"uv":	[4,12,5,13],"texture":"#top","cullface":"up"},
			"east":{"uv":	[11,12,12,13],"texture":"#top","cullface":"up"}
		}
	},
	{
		"__comment": "Top egde west",
		"from": [3,15.5,4],
		"to": [4,17.5,12],
		"faces": {
			"up":{"uv":		[3,4,4,12],"texture":"#top","cullface":"up"},
			"north":{"uv":	[3,11,4,12],"texture":"#top","cullface":"up"},
			"south":{"uv":	[3,4,4,5],"texture":"#top","cullface":"up"},
			"west":{"uv":	[3,4,4,12],"texture":"#top","cullface":"up","rotation":270},
			"east":{"uv":	[3,4,5,12],"texture":"#top","cullface":"up","rotation":90}
		}
	},
	{
		"__comment": "Top inside north-west",
		"from": [4,16.5,4],
		"to": [5,17,5],
		"faces": {
			"up":{"uv":		[4,4,5,5],"texture":"#top","cullface":"up"},
			"south":{"uv":	[4,4,5,5],"texture":"#top","cullface":"up"},
			"east":{"uv":	[4,4,5,5],"texture":"#top","cullface":"up"}
		}
	},
	{
		"__comment": "Top inside north-west lower",
		"from": [4,15.5,5],
		"to": [5,16.5,6],
		"faces": {
			"up":{"uv":		[4,5,5,6],"texture":"#top","cullface":"up"},
			"south":{"uv":	[4,5,5,6],"texture":"#top","cullface":"up"},
			"east":{"uv":	[4,5,5,6],"texture":"#top","cullface":"up"}
		}
	},
	{
		"__comment": "Top inside north-west lower",
		"from": [5,15.5,4],
		"to": [6,16.5,5],
		"faces": {
			"up":{"uv":		[5,4,6,5],"texture":"#top","cullface":"up"},
			"south":{"uv":	[5,4,6,5],"texture":"#top","cullface":"up"},
			"east":{"uv":	[5,4,6,5],"texture":"#top","cullface":"up"}
		}
	},
	{
		"__comment": "Top inside north-east",
		"from": [11,16.5,4],
		"to": [12,17,5],
		"faces": {
			"up":{"uv":		[11,4,12,5],"texture":"#top","cullface":"up"},
			"south":{"uv":	[11,4,12,5],"texture":"#top","cullface":"up"},
			"west":{"uv":	[11,4,12,5],"texture":"#top","cullface":"up"}
		}
	},
	{
		"__comment": "Top inside north-east lower",
		"from": [10,15.5,4],
		"to": [11,16.5,5],
		"faces": {
			"up":{"uv":		[10,4,11,5],"texture":"#top","cullface":"up"},
			"south":{"uv":	[10,4,11,5],"texture":"#top","cullface":"up"},
			"west":{"uv":	[10,4,11,5],"texture":"#top","cullface":"up"}
		}
	},
	{
		"__comment": "Top inside north-east lower",
		"from": [11,15.5,5],
		"to": [12,16.5,6],
		"faces": {
			"up":{"uv":		[11,5,12,6],"texture":"#top","cullface":"up"},
			"south":{"uv":	[11,5,12,6],"texture":"#top","cullface":"up"},
			"west":{"uv":	[11,5,12,6],"texture":"#top","cullface":"up"}
		}
	},
	{
		"__comment": "Top inside south-east",
		"from": [11,16.5,11],
		"to": [12,17,12],
		"faces": {
			"up":{"uv":		[11,11,12,12],"texture":"#top","cullface":"up"},
			"north":{"uv":	[11,11,12,12],"texture":"#top","cullface":"up"},
			"west":{"uv":	[11,11,12,12],"texture":"#top","cullface":"up"}
		}
	},
	{
		"__comment": "Top inside south-east lower",
		"from": [11,15.5,10],
		"to": [12,16.5,11],
		"faces": {
			"up":{"uv":		[11,10,12,11],"texture":"#top","cullface":"up"},
			"north":{"uv":	[11,10,12,11],"texture":"#top","cullface":"up"},
			"west":{"uv":	[11,10,12,11],"texture":"#top","cullface":"up"}
		}
	},
	{
		"__comment": "Top inside south-east lower",
		"from": [10,15.5,11],
		"to": [11,16.5,12],
		"faces": {
			"up":{"uv":		[10,11,11,12],"texture":"#top","cullface":"up"},
			"north":{"uv":	[10,11,11,12],"texture":"#top","cullface":"up"},
			"west":{"uv":	[10,11,11,12],"texture":"#top","cullface":"up"}
		}
	},
	{
		"__comment": "Top inside south-west",
		"from": [4,16.5,11],
		"to": [5,17,12],
		"faces": {
			"up":{"uv":		[4,11,5,12],"texture":"#top","cullface":"up"},
			"north":{"uv":	[4,11,5,12],"texture":"#top","cullface":"up"},
			"east":{"uv":	[4,11,5,12],"texture":"#top","cullface":"up"}
		}
	},
	{
		"__comment": "Top inside south-west lower",
		"from": [5,15.5,11],
		"to": [6,16.5,12],
		"faces": {
			"up":{"uv":		[5,11,6,12],"texture":"#top","cullface":"up"},
			"north":{"uv":	[5,11,6,12],"texture":"#top","cullface":"up"},
			"east":{"uv":	[5,11,6,12],"texture":"#top","cullface":"up"}
		}
	},
	{
		"__comment": "Top inside south-west lower",
		"from": [4,15.5,10],
		"to": [5,16.5,11],
		"faces": {
			"up":{"uv":		[4,10,5,11],"texture":"#top","cullface":"up"},
			"north":{"uv":	[4,10,5,11],"texture":"#top","cullface":"up"},
			"east":{"uv":	[4,10,5,11],"texture":"#top","cullface":"up"}
		}
	},
	{
		"__comment": "Top inside bottom north",
		"from": [4,14.5,4],
		"to": [12,15.5,6],
		"faces": {
			"up":{"uv":		[4,4,12,6],"texture":"#top","cullface":"up"},
			"south":{"uv":	[4,5,12,6],"texture":"#top","cullface":"up"}
		}
	},
	{
		"__comment": "Top inside bottom east",
		"from": [10,14.5,6],
		"to": [12,15.5,10],
		"faces": {
			"up":{"uv":		[10,6,12,10],"texture":"#top","cullface":"up"},
			"west":{"uv":	[10,6,11,10],"texture":"#top","cullface":"up"}
		}
	},
	{
		"__comment": "Top inside bottom south",
		"from": [4,14.5,10],
		"to": [12,15.5,12],
		"faces": {
			"up":{"uv":		[4,10,12,12],"texture":"#top","cullface":"up"},
			"north":{"uv":	[4,10,12,11],"texture":"#top","cullface":"up"}
		}
	},
	{
		"__comment": "Top inside bottom west",
		"from": [4,14.5,6],
		"to": [6,15.5,10],
		"faces": {
			"up":{"uv":		[4,6,6,10],"texture":"#top","cullface":"up"},
			"east":{"uv":	[5,6,6,10],"texture":"#top","cullface":"up"}
		}
	},
	{
		"__comment": "Frame north-west",
		"from": [0,1,0],
		"to": [2,16,2],
		"faces": {
			"north":{"uv":	[14,0,16,15],"texture":"#front","cullface":"north"},
			"south":{"uv":	[14,0,16,15],"texture":"#front","cullface":"west"},
			"west":{"uv":	[16,0,14,15],"texture":"#front","cullface":"west"},
			"east":{"uv":	[16,0,14,15],"texture":"#front","cullface":"north"}
		}
	},
	{
		"__comment": "Frame north-east",
		"from": [14,1,0],
		"to": [16,16,2],
		"faces": {
			"north":{"uv":	[0,0,2,15],"texture":"#front","cullface":"north"},
			"south":{"uv":	[0,0,2,15],"texture":"#front","cullface":"east"},
			"west":{"uv":	[2,0,0,15],"texture":"#front","cullface":"north"},
			"east":{"uv":	[2,0,0,15],"texture":"#front","cullface":"east"}
		}
	},
	{
		"__comment": "Frame south-east",
		"from": [14,1,14],
		"to": [16,16,16],
		"faces": {
			"north":{"uv":	[14,0,16,15],"texture":"#front","cullface":"east"},
			"south":{"uv":	[14,0,16,15],"texture":"#front","cullface":"south"},
			"west":{"uv":	[16,0,14,15],"texture":"#front","cullface":"south"},
			"east":{"uv":	[16,0,14,15],"texture":"#front","cullface":"east"}
		}
	},
	{
		"__comment": "Frame south-west",
		"from": [0,1,14],
		"to": [2,16,16],
		"faces": {
			"north":{"uv":	[0,0,2,15],"texture":"#front","cullface":"east"},
			"south":{"uv":	[0,0,2,15],"texture":"#front","cullface":"south"},
			"west":{"uv":	[2,0,0,15],"texture":"#front","cullface":"east"},
			"east":{"uv":	[2,0,0,15],"texture":"#front","cullface":"south"}
		}
	},
	{
		"__comment": "Front top",
		"from": [2,13,2],
		"to": [14,15,2],
		"faces": {
			"north":{"uv":	[2,1,14,3],"texture":"#front","cullface":"north"}
		}
	},
	{
		"__comment": "Front wood top",
		"from": [11.5,13,0],
		"to": [13.5,14,2],
		"faces": {
			"down":{"uv":	[1,1,3,3],"texture":"#wood","cullface":"north","rotation":180},
			"up":{"uv":		[1,0,3,2],"texture":"#wood","cullface":"north","rotation":180},
			"north":{"uv":	[1,1,3,2],"texture":"#wood","cullface":"north"},
			"west":{"uv":	[2,1,4,2],"texture":"#wood","cullface":"north"},
			"east":{"uv":	[0,1,2,2],"texture":"#wood","cullface":"north"}
		}
	},
	{
		"__comment": "Front wood top",
		"from": [8.5,13,0],
		"to": [10.5,14,2],
		"faces": {
			"down":{"uv":	[5,1,7,3],"texture":"#wood","cullface":"north","rotation":180},
			"up":{"uv":		[5,0,7,2],"texture":"#wood","cullface":"north","rotation":180},
			"north":{"uv":	[5,1,7,2],"texture":"#wood","cullface":"north"},
			"west":{"uv":	[6,1,8,2],"texture":"#wood","cullface":"north"},
			"east":{"uv":	[4,1,6,2],"texture":"#wood","cullface":"north"}
		}
	},
	{
		"__comment": "Front wood top",
		"from": [5.5,13,0],
		"to": [7.5,14,2],
		"faces": {
			"down":{"uv":	[9,1,11,3],"texture":"#wood","cullface":"north","rotation":180},
			"up":{"uv":		[9,0,11,2],"texture":"#wood","cullface":"north","rotation":180},
			"north":{"uv":	[9,1,11,2],"texture":"#wood","cullface":"north"},
			"west":{"uv":	[10,1,12,2],"texture":"#wood","cullface":"north"},
			"east":{"uv":	[8,1,10,2],"texture":"#wood","cullface":"north"}
		}
	},
	{
		"__comment": "Front wood top",
		"from": [2.5,13,0],
		"to": [4.5,14,2],
		"faces": {
			"down":{"uv":	[13,1,15,3],"texture":"#wood","cullface":"north","rotation":180},
			"up":{"uv":		[13,0,15,2],"texture":"#wood","cullface":"north","rotation":180},
			"north":{"uv":	[13,1,15,2],"texture":"#wood","cullface":"north"},
			"west":{"uv":	[14,1,16,2],"texture":"#wood","cullface":"north"},
			"east":{"uv":	[12,1,14,2],"texture":"#wood","cullface":"north"}
		}
	},
	{
		"__comment": "Front opening top",
		"from": [2,12,1],
		"to": [14,13,3],
		"faces": {
			"down":{"uv":	[2,3,14,4],"texture":"#front","cullface":"north","rotation":180},
			"up":{"uv":		[2,3,14,4],"texture":"#front","cullface":"north","rotation":180},
			"north":{"uv":	[2,3,14,4],"texture":"#front","cullface":"north"}
		}
	},
	{
		"__comment": "Front opening left",
		"from": [13,8,1],
		"to": [14,12,3],
		"faces": {
			"north":{"uv":	[2,4,3,8],"texture":"#front","cullface":"north"},
			"west":{"uv":	[2,4,3,8],"texture":"#front","cullface":"north"}
		}
	},
	{
		"__comment": "Front opening right",
		"from": [2,8,1],
		"to": [3,12,3],
		"faces": {
			"north":{"uv":	[13,4,14,8],"texture":"#front","cullface":"north"},
			"east":{"uv":	[13,4,14,8],"texture":"#front","cullface":"north"}
		}
	},
	{
		"__comment": "Front opening bottom",
		"from": [2,7,1],
		"to": [14,8,3],
		"faces": {
			"down":{"uv":	[2,8,14,9],"texture":"#front","cullface":"north","rotation":180},
			"up":{"uv":		[2,8,14,9],"texture":"#front","cullface":"north","rotation":180},
			"north":{"uv":	[2,8,14,9],"texture":"#front","cullface":"north"}
		}
	},
	{
		"__comment": "Front door",
		"from": [3,8,2],
		"to": [13,12,3],
		"faces": {
			"north":{"uv":	[3,4,13,8],"texture":"#front","cullface":"north"}
		}
	},
	{
		"__comment": "Front bottom",
		"from": [2,2,2],
		"to": [14,7,2],
		"faces": {
			"north":{"uv":	[2,9,14,14],"texture":"#front","cullface":"north"}
		}
	},
	{
		"__comment": "Front wood middle",
		"from": [11.5,5,0],
		"to": [13.5,6,2],
		"faces": {
			"down":{"uv":	[1,2,3,4],"texture":"#wood","cullface":"north","rotation":180},
			"up":{"uv":		[1,1,3,3],"texture":"#wood","cullface":"north","rotation":180},
			"north":{"uv":	[1,2,3,3],"texture":"#wood","cullface":"north"},
			"west":{"uv":	[2,2,4,3],"texture":"#wood","cullface":"north"},
			"east":{"uv":	[0,2,2,3],"texture":"#wood","cullface":"north"}
		}
	},
	{
		"__comment": "Front wood middle",
		"from": [8.5,5,0],
		"to": [10.5,6,2],
		"faces": {
			"down":{"uv":	[5,2,7,4],"texture":"#wood","cullface":"north","rotation":180},
			"up":{"uv":		[5,1,7,3],"texture":"#wood","cullface":"north","rotation":180},
			"north":{"uv":	[5,2,7,3],"texture":"#wood","cullface":"north"},
			"west":{"uv":	[6,2,8,3],"texture":"#wood","cullface":"north"},
			"east":{"uv":	[4,2,6,3],"texture":"#wood","cullface":"north"}
		}
	},
	{
		"__comment": "Front wood middle",
		"from": [5.5,5,0],
		"to": [7.5,6,2],
		"faces": {
			"down":{"uv":	[9,2,11,4],"texture":"#wood","cullface":"north","rotation":180},
			"up":{"uv":		[9,1,11,3],"texture":"#wood","cullface":"north","rotation":180},
			"north":{"uv":	[9,2,11,3],"texture":"#wood","cullface":"north"},
			"west":{"uv":	[10,2,12,3],"texture":"#wood","cullface":"north"},
			"east":{"uv":	[8,2,10,3],"texture":"#wood","cullface":"north"}
		}
	},
	{
		"__comment": "Front wood middle",
		"from": [2.5,5,0],
		"to": [4.5,6,2],
		"faces": {
			"down":{"uv":	[13,2,15,4],"texture":"#wood","cullface":"north","rotation":180},
			"up":{"uv":		[13,1,15,3],"texture":"#wood","cullface":"north","rotation":180},
			"north":{"uv":	[13,2,15,3],"texture":"#wood","cullface":"north"},
			"west":{"uv":	[14,2,16,3],"texture":"#wood","cullface":"north"},
			"east":{"uv":	[12,2,14,3],"texture":"#wood","cullface":"north"}
		}
	},
	{
		"__comment": "Front wood bottom",
		"from": [11.5,2,0],
		"to": [13.5,4,2],
		"faces": {
			"down":{"uv":	[1,2,3,4],"texture":"#wood","cullface":"north","rotation":180},
			"up":{"uv":		[1,0,3,2],"texture":"#wood","cullface":"north","rotation":180},
			"north":{"uv":	[1,1,3,3],"texture":"#wood","cullface":"north"},
			"west":{"uv":	[2,1,4,3],"texture":"#wood","cullface":"north"},
			"east":{"uv":	[0,1,2,3],"texture":"#wood","cullface":"north"}
		}
	},
	{
		"__comment": "Front wood bottom",
		"from": [8.5,2,0],
		"to": [10.5,4,2],
		"faces": {
			"down":{"uv":	[5,2,7,4],"texture":"#wood","cullface":"north","rotation":180},
			"up":{"uv":		[5,0,7,2],"texture":"#wood","cullface":"north","rotation":180},
			"north":{"uv":	[5,1,7,3],"texture":"#wood","cullface":"north"},
			"west":{"uv":	[6,1,8,3],"texture":"#wood","cullface":"north"},
			"east":{"uv":	[4,1,6,3],"texture":"#wood","cullface":"north"}
		}
	},
	{
		"__comment": "Front wood bottom",
		"from": [5.5,2,0],
		"to": [7.5,4,2],
		"faces": {
			"down":{"uv":	[9,2,11,4],"texture":"#wood","cullface":"north","rotation":180},
			"up":{"uv":		[9,0,11,2],"texture":"#wood","cullface":"north","rotation":180},
			"north":{"uv":	[9,1,11,3],"texture":"#wood","cullface":"north"},
			"west":{"uv":	[10,1,12,3],"texture":"#wood","cullface":"north"},
			"east":{"uv":	[8,1,10,3],"texture":"#wood","cullface":"north"}
		}
	},
	{
		"__comment": "Front wood bottom",
		"from": [2.5,2,0],
		"to": [4.5,4,2],
		"faces": {
			"down":{"uv":	[13,2,15,4],"texture":"#wood","cullface":"north","rotation":180},
			"up":{"uv":		[13,0,15,2],"texture":"#wood","cullface":"north","rotation":180},
			"north":{"uv":	[13,1,15,3],"texture":"#wood","cullface":"north"},
			"west":{"uv":	[14,1,16,3],"texture":"#wood","cullface":"north"},
			"east":{"uv":	[12,1,14,3],"texture":"#wood","cullface":"north"}
		}
	},
	{
		"__comment": "Front stone bottom",
		"from": [2,1,1],
		"to": [14,2,2],
		"faces": {
			"up":{"uv":		[2,14,14,15],"texture":"#front","cullface":"north","rotation":180},
			"north":{"uv":	[2,14,14,15],"texture":"#front","cullface":"north"}
		}
	},
	{
		"__comment": "Sides",
		"from": [2,1,2],
		"to": [14,15,14],
		"faces": {
			"south":{"uv":	[2,1,14,15],"texture":"#front","cullface":"south"},
			"west":{"uv":	[2,1,14,15],"texture":"#front","cullface":"south"},
			"east":{"uv":	[2,1,14,15],"texture":"#front","cullface":"south"}
		}
	},
	{
		"__comment": "East stone top",
		"from": [14,7,2],
		"to": [15,13,14],
		"faces": {
			"down":{"uv":	[2,8,14,9],"texture":"#side","cullface":"east","rotation":90},
			"up":{"uv":		[2,3,14,4],"texture":"#side","cullface":"east","rotation":270},
			"east":{"uv":	[2,3,14,9],"texture":"#side","cullface":"east"}
		}
	},
	{
		"__comment": "East stone bottom",
		"from": [14,1,2],
		"to": [15,4,14],
		"faces": {
			"down":{"uv":	[2,14,14,15],"texture":"#side","cullface":"down","rotation":90},
			"up":{"uv":		[2,12,14,13],"texture":"#side","cullface":"east","rotation":270},
			"east":{"uv":	[2,12,14,15],"texture":"#side","cullface":"east"}
		}
	},
	{
		"__comment": "East wood top",
		"from": [14,13,11.5],
		"to": [16,14,13.5],
		"faces": {
			"down":{"uv":	[1,1,3,3],"texture":"#wood","cullface":"east","rotation":90},
			"up":{"uv":		[1,0,3,2],"texture":"#wood","cullface":"east","rotation":270},
			"north":{"uv":	[2,1,4,2],"texture":"#wood","cullface":"east"},
			"south":{"uv":	[0,1,2,2],"texture":"#wood","cullface":"east"},
			"east":{"uv":	[1,1,3,2],"texture":"#wood","cullface":"east"}
		}
	},
	{
		"__comment": "East wood top",
		"from": [14,13,8.5],
		"to": [16,14,10.5],
		"faces": {
			"down":{"uv":	[5,1,7,3],"texture":"#wood","cullface":"east","rotation":90},
			"up":{"uv":		[5,0,7,2],"texture":"#wood","cullface":"east","rotation":270},
			"north":{"uv":	[6,1,8,2],"texture":"#wood","cullface":"east"},
			"south":{"uv":	[4,1,6,2],"texture":"#wood","cullface":"east"},
			"east":{"uv":	[5,1,7,2],"texture":"#wood","cullface":"east"}
		}
	},
	{
		"__comment": "East wood top",
		"from": [14,13,5.5],
		"to": [16,14,7.5],
		"faces": {
			"down":{"uv":	[9,1,11,3],"texture":"#wood","cullface":"east","rotation":90},
			"up":{"uv":		[9,0,11,2],"texture":"#wood","cullface":"east","rotation":270},
			"north":{"uv":	[10,1,12,2],"texture":"#wood","cullface":"east"},
			"south":{"uv":	[8,1,10,2],"texture":"#wood","cullface":"east"},
			"east":{"uv":	[9,1,11,2],"texture":"#wood","cullface":"east"}
		}
	},
	{
		"__comment": "East wood top",
		"from": [14,13,2.5],
		"to": [16,14,4.5],
		"faces": {
			"down":{"uv":	[13,1,15,3],"texture":"#wood","cullface":"east","rotation":90},
			"up":{"uv":		[13,0,15,2],"texture":"#wood","cullface":"east","rotation":270},
			"north":{"uv":	[14,1,16,2],"texture":"#wood","cullface":"east"},
			"south":{"uv":	[12,1,14,2],"texture":"#wood","cullface":"east"},
			"east":{"uv":	[13,1,15,2],"texture":"#wood","cullface":"east"}
		}
	},
	{
		"__comment": "East wood bottom",
		"from": [14,4,11.5],
		"to": [16,6,13.5],
		"faces": {
			"down":{"uv":	[1,2,3,4],"texture":"#wood","cullface":"east","rotation":90},
			"up":{"uv":		[1,0,3,2],"texture":"#wood","cullface":"east","rotation":270},
			"north":{"uv":	[2,1,4,3],"texture":"#wood","cullface":"east"},
			"south":{"uv":	[0,1,2,3],"texture":"#wood","cullface":"east"},
			"east":{"uv":	[1,1,3,3],"texture":"#wood","cullface":"east"}
		}
	},
	{
		"__comment": "East wood bottom",
		"from": [14,4,8.5],
		"to": [16,6,10.5],
		"faces": {
			"down":{"uv":	[5,2,7,4],"texture":"#wood","cullface":"east","rotation":90},
			"up":{"uv":		[5,0,7,2],"texture":"#wood","cullface":"east","rotation":270},
			"north":{"uv":	[6,1,8,3],"texture":"#wood","cullface":"east"},
			"south":{"uv":	[4,1,6,3],"texture":"#wood","cullface":"east"},
			"east":{"uv":	[5,1,7,3],"texture":"#wood","cullface":"east"}
		}
	},
	{
		"__comment": "East wood bottom",
		"from": [14,4,5.5],
		"to": [16,6,7.5],
		"faces": {
			"down":{"uv":	[9,2,11,4],"texture":"#wood","cullface":"east","rotation":90},
			"up":{"uv":		[9,0,11,2],"texture":"#wood","cullface":"east","rotation":270},
			"north":{"uv":	[10,1,12,3],"texture":"#wood","cullface":"east"},
			"south":{"uv":	[8,1,10,3],"texture":"#wood","cullface":"east"},
			"east":{"uv":	[9,1,11,3],"texture":"#wood","cullface":"east"}
		}
	},
	{
		"__comment": "East wood bottom",
		"from": [14,4,2.5],
		"to": [16,6,4.5],
		"faces": {
			"down":{"uv":	[13,2,15,4],"texture":"#wood","cullface":"east","rotation":90},
			"up":{"uv":		[13,0,15,2],"texture":"#wood","cullface":"east","rotation":270},
			"north":{"uv":	[14,1,16,3],"texture":"#wood","cullface":"east"},
			"south":{"uv":	[12,1,14,3],"texture":"#wood","cullface":"east"},
			"east":{"uv":	[13,1,15,3],"texture":"#wood","cullface":"east"}
		}
	},
	{
		"__comment": "South stone top",
		"from": [2,7,14],
		"to": [14,13,15],
		"faces": {
			"down":{"uv":	[2,8,14,9],"texture":"#side","cullface":"south"},
			"up":{"uv":		[2,3,14,4],"texture":"#side","cullface":"south"},
			"south":{"uv":	[2,3,14,9],"texture":"#side","cullface":"south"}
		}
	},
	{
		"__comment": "South stone bottom",
		"from": [2,1,14],
		"to": [14,4,15],
		"faces": {
			"down":{"uv":	[2,14,14,15],"texture":"#side","cullface":"down"},
			"up":{"uv":		[2,12,14,13],"texture":"#side","cullface":"south"},
			"south":{"uv":	[2,12,14,15],"texture":"#side","cullface":"south"}
		}
	},
	{
		"__comment": "South wood top",
		"from": [2.5,13,14],
		"to": [4.5,14,16],
		"faces": {
			"down":{"uv":	[1,1,3,3],"texture":"#wood","cullface":"south"},
			"up":{"uv":		[1,0,3,2],"texture":"#wood","cullface":"south"},
			"south":{"uv":	[1,1,3,2],"texture":"#wood","cullface":"south"},
			"west":{"uv":	[0,1,2,2],"texture":"#wood","cullface":"south"},
			"east":{"uv":	[2,1,4,2],"texture":"#wood","cullface":"south"}
		}
	},
	{
		"__comment": "South wood top",
		"from": [5.5,13,14],
		"to": [7.5,14,16],
		"faces": {
			"down":{"uv":	[5,1,7,3],"texture":"#wood","cullface":"south"},
			"up":{"uv":		[5,0,7,2],"texture":"#wood","cullface":"south"},
			"south":{"uv":	[5,1,7,2],"texture":"#wood","cullface":"south"},
			"west":{"uv":	[4,1,6,2],"texture":"#wood","cullface":"south"},
			"east":{"uv":	[6,1,8,2],"texture":"#wood","cullface":"south"}
		}
	},
	{
		"__comment": "South wood top",
		"from": [8.5,13,14],
		"to": [10.5,14,16],
		"faces": {
			"down":{"uv":	[9,1,11,3],"texture":"#wood","cullface":"south"},
			"up":{"uv":		[9,0,11,2],"texture":"#wood","cullface":"south"},
			"south":{"uv":	[9,1,11,2],"texture":"#wood","cullface":"south"},
			"west":{"uv":	[8,1,10,2],"texture":"#wood","cullface":"south"},
			"east":{"uv":	[10,1,12,2],"texture":"#wood","cullface":"south"}
		}
	},
	{
		"__comment": "South wood top",
		"from": [11.5,13,14],
		"to": [13.5,14,16],
		"faces": {
			"down":{"uv":	[13,1,15,3],"texture":"#wood","cullface":"south"},
			"up":{"uv":		[13,0,15,2],"texture":"#wood","cullface":"south"},
			"south":{"uv":	[13,1,15,2],"texture":"#wood","cullface":"south"},
			"west":{"uv":	[12,1,14,2],"texture":"#wood","cullface":"south"},
			"east":{"uv":	[14,1,16,2],"texture":"#wood","cullface":"south"}
		}
	},
	{
		"__comment": "South wood bottom",
		"from": [2.5,4,14],
		"to": [4.5,6,16],
		"faces": {
			"down":{"uv":	[1,2,3,4],"texture":"#wood","cullface":"south"},
			"up":{"uv":		[1,0,3,2],"texture":"#wood","cullface":"south"},
			"south":{"uv":	[1,1,3,3],"texture":"#wood","cullface":"south"},
			"west":{"uv":	[0,1,2,3],"texture":"#wood","cullface":"south"},
			"east":{"uv":	[2,1,4,3],"texture":"#wood","cullface":"south"}
		}
	},
	{
		"__comment": "South wood bottom",
		"from": [5.5,4,14],
		"to": [7.5,6,16],
		"faces": {
			"down":{"uv":	[5,2,7,4],"texture":"#wood","cullface":"south"},
			"up":{"uv":		[5,0,7,2],"texture":"#wood","cullface":"south"},
			"south":{"uv":	[5,1,7,3],"texture":"#wood","cullface":"south"},
			"west":{"uv":	[4,1,6,3],"texture":"#wood","cullface":"south"},
			"east":{"uv":	[6,1,8,3],"texture":"#wood","cullface":"south"}
		}
	},
	{
		"__comment": "South wood bottom",
		"from": [8.5,4,14],
		"to": [10.5,6,16],
		"faces": {
			"down":{"uv":	[9,2,11,4],"texture":"#wood","cullface":"south"},
			"up":{"uv":		[9,0,11,2],"texture":"#wood","cullface":"south"},
			"south":{"uv":	[9,1,11,3],"texture":"#wood","cullface":"south"},
			"west":{"uv":	[8,1,10,3],"texture":"#wood","cullface":"south"},
			"east":{"uv":	[10,1,12,3],"texture":"#wood","cullface":"south"}
		}
	},
	{
		"__comment": "South wood bottom",
		"from": [11.5,4,14],
		"to": [13.5,6,16],
		"faces": {
			"down":{"uv":	[13,2,15,4],"texture":"#wood","cullface":"south"},
			"up":{"uv":		[13,0,15,2],"texture":"#wood","cullface":"south"},
			"south":{"uv":	[13,1,15,3],"texture":"#wood","cullface":"south"},
			"west":{"uv":	[12,1,14,3],"texture":"#wood","cullface":"south"},
			"east":{"uv":	[14,1,16,3],"texture":"#wood","cullface":"south"}
		}
	},
	{
		"__comment": "West stone top",
		"from": [1,7,2],
		"to": [2,13,14],
		"faces": {
			"down":{"uv":	[2,8,14,9],"texture":"#side","cullface":"west","rotation":270},
			"up":{"uv":		[2,3,14,4],"texture":"#side","cullface":"west","rotation":90},
			"west":{"uv":	[2,3,14,9],"texture":"#side","cullface":"west"}
		}
	},
	{
		"__comment": "West stone bottom",
		"from": [1,1,2],
		"to": [2,4,14],
		"faces": {
			"down":{"uv":	[2,14,14,15],"texture":"#side","cullface":"down","rotation":270},
			"up":{"uv":		[2,12,14,13],"texture":"#side","cullface":"west","rotation":90},
			"west":{"uv":	[2,12,14,15],"texture":"#side","cullface":"west"}
		}
	},
	{
		"__comment": "West wood top",
		"from": [0,13,11.5],
		"to": [2,14,13.5],
		"faces": {
			"down":{"uv":	[13,1,15,3],"texture":"#wood","cullface":"west","rotation":270},
			"up":{"uv":		[13,0,15,2],"texture":"#wood","cullface":"west","rotation":90},
			"north":{"uv":	[12,1,14,2],"texture":"#wood","cullface":"west"},
			"south":{"uv":	[14,1,16,2],"texture":"#wood","cullface":"west"},
			"west":{"uv":	[13,1,15,2],"texture":"#wood","cullface":"west"}
		}
	},
	{
		"__comment": "West wood top",
		"from": [0,13,8.5],
		"to": [2,14,10.5],
		"faces": {
			"down":{"uv":	[9,1,11,3],"texture":"#wood","cullface":"west","rotation":270},
			"up":{"uv":		[9,0,11,2],"texture":"#wood","cullface":"west","rotation":90},
			"north":{"uv":	[8,1,10,2],"texture":"#wood","cullface":"west"},
			"south":{"uv":	[10,1,12,2],"texture":"#wood","cullface":"west"},
			"west":{"uv":	[9,1,11,2],"texture":"#wood","cullface":"west"}
		}
	},
	{
		"__comment": "West wood top",
		"from": [0,13,5.5],
		"to": [2,14,7.5],
		"faces": {
			"down":{"uv":	[5,1,7,3],"texture":"#wood","cullface":"west","rotation":270},
			"up":{"uv":		[5,0,7,2],"texture":"#wood","cullface":"west","rotation":90},
			"north":{"uv":	[4,1,6,2],"texture":"#wood","cullface":"west"},
			"south":{"uv":	[6,1,8,2],"texture":"#wood","cullface":"west"},
			"west":{"uv":	[5,1,7,2],"texture":"#wood","cullface":"west"}
		}
	},
	{
		"__comment": "West wood top",
		"from": [0,13,2.5],
		"to": [2,14,4.5],
		"faces": {
			"down":{"uv":	[1,1,3,3],"texture":"#wood","cullface":"west","rotation":270},
			"up":{"uv":		[1,0,3,2],"texture":"#wood","cullface":"west","rotation":90},
			"north":{"uv":	[0,1,2,2],"texture":"#wood","cullface":"west"},
			"south":{"uv":	[2,1,4,2],"texture":"#wood","cullface":"west"},
			"west":{"uv":	[1,1,3,2],"texture":"#wood","cullface":"west"}
		}
	},
	{
		"__comment": "West wood bottom",
		"from": [0,4,11.5],
		"to": [2,6,13.5],
		"faces": {
			"down":{"uv":	[13,2,15,4],"texture":"#wood","cullface":"west","rotation":270},
			"up":{"uv":		[13,0,15,2],"texture":"#wood","cullface":"west","rotation":90},
			"north":{"uv":	[12,1,14,3],"texture":"#wood","cullface":"west"},
			"south":{"uv":	[14,1,16,3],"texture":"#wood","cullface":"west"},
			"west":{"uv":	[13,1,15,3],"texture":"#wood","cullface":"west"}
		}
	},
	{
		"__comment": "West wood bottom",
		"from": [0,4,8.5],
		"to": [2,6,10.5],
		"faces": {
			"down":{"uv":	[9,2,11,4],"texture":"#wood","cullface":"west","rotation":270},
			"up":{"uv":		[9,0,11,2],"texture":"#wood","cullface":"west","rotation":90},
			"north":{"uv":	[8,1,10,3],"texture":"#wood","cullface":"west"},
			"south":{"uv":	[10,1,12,3],"texture":"#wood","cullface":"west"},
			"west":{"uv":	[9,1,11,3],"texture":"#wood","cullface":"west"}
		}
	},
	{
		"__comment": "West wood bottom",
		"from": [0,4,5.5],
		"to": [2,6,7.5],
		"faces": {
			"down":{"uv":	[5,2,7,4],"texture":"#wood","cullface":"west","rotation":270},
			"up":{"uv":		[5,0,7,2],"texture":"#wood","cullface":"west","rotation":90},
			"north":{"uv":	[4,1,6,3],"texture":"#wood","cullface":"west"},
			"south":{"uv":	[6,1,8,3],"texture":"#wood","cullface":"west"},
			"west":{"uv":	[5,1,7,3],"texture":"#wood","cullface":"west"}
		}
	},
	{
		"__comment": "West wood bottom",
		"from": [0,4,2.5],
		"to": [2,6,4.5],
		"faces": {
			"down":{"uv":	[1,2,3,4],"texture":"#wood","cullface":"west","rotation":270},
			"up":{"uv":		[1,0,3,2],"texture":"#wood","cullface":"west","rotation":90},
			"north":{"uv":	[0,1,2,3],"texture":"#wood","cullface":"west"},
			"south":{"uv":	[2,1,4,3],"texture":"#wood","cullface":"west"},
			"west":{"uv":	[1,1,3,3],"texture":"#wood","cullface":"west"}
		}
	},
	{
		"__comment": "Bottom",
		"from": [0,0,0],
		"to": [16,1,16],
		"faces": {
			"down":{"uv":	[0,16,16,0],"texture":"#bottom","cullface":"down"},
			"up":{"uv":		[0,0,16,16],"texture":"#bottom","cullface":"Know2Good"},
			"north":{"uv":	[0,0,16,1],"texture":"#bottom","cullface":"north","rotation":180},
			"south":{"uv":	[0,15,16,16],"texture":"#bottom","cullface":"south"},
			"west":{"uv":	[0,0,1,16],"texture":"#bottom","cullface":"west","rotation":270},
			"east":{"uv":	[15,0,16,16],"texture":"#bottom","cullface":"east","rotation":90}
            }
        }
    ]
}