{
"__comment":"Made by Know2Good, part of the 'Default 3D' resource pack || Official download page: http://www.planetminecraft.com/texture_pack/default-3d-2985741/ || © Know2Good. All rights reserved. ",
"__comment":"OK",

"parent": "item/display/chain",

"elements": [ 
	{
		"__comment": "Chain (bottom to top)",
		"from": [6.5,0,7.75],
		"to": [7.5,1.002,8.25],
		"rotation": { "origin": [ 8, 8, 8 ], "axis": "y", "angle": -45},
		"faces": {
			"down":{"uv":		[3,0,4,1],"texture":"#main","cullface":"down"},
			"north":{"uv":	[3,0,4,1],"texture":"#main","cullface":"Know2Good"},
			"south":{"uv":	[3,0,4,1],"texture":"#main","cullface":"Know2Good"},
			"west":{"uv":	[3,0,4,1],"texture":"#main","cullface":"Know2Good"},
			"east":{"uv":	[3,0,4,1],"texture":"#main","cullface":"Know2Good"}
		}
	},
	{
		"__comment": "Chain (bottom to top)",
		"from": [8.5,0,7.75],
		"to": [9.5,1.002,8.25],
		"rotation": { "origin": [ 8, 8, 8 ], "axis": "y", "angle": -45},
		"faces": {
			"down":{"uv":	[5,0,6,1],"texture":"#main","cullface":"down"},
			"north":{"uv":	[5,0,6,1],"texture":"#main","cullface":"Know2Good"},
			"south":{"uv":	[5,0,6,1],"texture":"#main","cullface":"Know2Good"},
			"west":{"uv":	[5,0,6,1],"texture":"#main","cullface":"Know2Good"},
			"east":{"uv":	[5,0,6,1],"texture":"#main","cullface":"Know2Good"}
		}
	},
	{
		"__comment": "Chain (bottom to top)",
		"from": [6.5,1.002,7.75],
		"to": [9.5,2.002,8.25],
		"rotation": { "origin": [ 8, 8, 8 ], "axis": "y", "angle": -45},
		"faces": {
			"down":{"uv":	[3,1,6,2],"texture":"#main","cullface":"Know2Good"},
			"up":{"uv":		[3,1,6,2],"texture":"#main","cullface":"Know2Good"},
			"north":{"uv":	[3,1,6,2],"texture":"#main","cullface":"Know2Good","rotation":180},
			"south":{"uv":	[3,1,6,2],"texture":"#main","cullface":"Know2Good"},
			"west":{"uv":	[3,1,4,2],"texture":"#main","cullface":"Know2Good"},
			"east":{"uv":	[5,1,6,2],"texture":"#main","cullface":"Know2Good"}
		}
	},
	{
		"__comment": "Chain (bottom to top)",
		"from": [6.5,1,7.75],
		"to": [9.5,2,8.25],
		"rotation": { "origin": [ 8, 8, 8 ], "axis": "y", "angle": 45},
		"faces": {
			"down":{"uv":	[0,1,3,2],"texture":"#main","cullface":"Know2Good"},
			"up":{"uv":		[0,1,3,2],"texture":"#main","cullface":"Know2Good"},
			"north":{"uv":	[0,1,3,2],"texture":"#main","cullface":"Know2Good","rotation":180},
			"south":{"uv":	[0,1,3,2],"texture":"#main","cullface":"Know2Good"},
			"west":{"uv":	[0,1,1,2],"texture":"#main","cullface":"Know2Good"},
			"east":{"uv":	[2,1,3,2],"texture":"#main","cullface":"Know2Good"}
		}
	},
	{
		"__comment": "Chain (bottom to top)",
		"from": [6.5,2,7.75],
		"to": [7.5,3.002,8.25],
		"rotation": { "origin": [ 8, 8, 8 ], "axis": "y", "angle": 45},
		"faces": {
			"north":{"uv":	[0,2,1,3],"texture":"#main","cullface":"Know2Good"},
			"south":{"uv":	[0,2,1,3],"texture":"#main","cullface":"Know2Good"},
			"west":{"uv":	[0,2,1,3],"texture":"#main","cullface":"Know2Good"},
			"east":{"uv":	[0,2,1,3],"texture":"#main","cullface":"Know2Good"}
		}
	},
	{
		"__comment": "Chain (bottom to top)",
		"from": [8.5,2,7.75],
		"to": [9.5,3.002,8.25],
		"rotation": { "origin": [ 8, 8, 8 ], "axis": "y", "angle": 45},
		"faces": {
			"north":{"uv":	[2,2,3,3],"texture":"#main","cullface":"Know2Good"},
			"south":{"uv":	[2,2,3,3],"texture":"#main","cullface":"Know2Good"},
			"west":{"uv":	[2,2,3,3],"texture":"#main","cullface":"Know2Good"},
			"east":{"uv":	[2,2,3,3],"texture":"#main","cullface":"Know2Good"}
		}
	},
	{
		"__comment": "Chain (bottom to top)",
		"from": [6.5,3.002,7.75],
		"to": [9.5,4.002,8.25],
		"rotation": { "origin": [ 8, 8, 8 ], "axis": "y", "angle": 45},
		"faces": {
			"down":{"uv":	[0,3,3,4],"texture":"#main","cullface":"Know2Good"},
			"up":{"uv":		[0,3,3,4],"texture":"#main","cullface":"Know2Good"},
			"north":{"uv":	[0,3,3,4],"texture":"#main","cullface":"Know2Good","rotation":180},
			"south":{"uv":	[0,3,3,4],"texture":"#main","cullface":"Know2Good"},
			"west":{"uv":	[0,3,1,4],"texture":"#main","cullface":"Know2Good"},
			"east":{"uv":	[2,3,3,4],"texture":"#main","cullface":"Know2Good"}
		}
	},		
	{
		"__comment": "Chain (bottom to top)",
		"from": [6.5,3,7.75],
		"to": [9.5,4,8.25],
		"rotation": { "origin": [ 8, 8, 8 ], "axis": "y", "angle": -45},
		"faces": {
			"down":{"uv":	[3,3,6,4],"texture":"#main","cullface":"Know2Good"},
			"up":{"uv":		[3,3,6,4],"texture":"#main","cullface":"Know2Good"},
			"north":{"uv":	[3,3,6,4],"texture":"#main","cullface":"Know2Good","rotation":180},
			"south":{"uv":	[3,3,6,4],"texture":"#main","cullface":"Know2Good"},
			"west":{"uv":	[3,3,4,4],"texture":"#main","cullface":"Know2Good"},
			"east":{"uv":	[5,3,6,4],"texture":"#main","cullface":"Know2Good"}
		}
	},
	{
		"__comment": "Chain (bottom to top)",
		"from": [6.5,4,7.75],
		"to": [7.5,6.002,8.25],
		"rotation": { "origin": [ 8, 8, 8 ], "axis": "y", "angle": -45},
		"faces": {
			"north":{"uv":	[3,4,4,6],"texture":"#main","cullface":"Know2Good"},
			"south":{"uv":	[3,4,4,6],"texture":"#main","cullface":"Know2Good"},
			"west":{"uv":	[3,4,4,6],"texture":"#main","cullface":"Know2Good"},
			"east":{"uv":	[3,4,4,6],"texture":"#main","cullface":"Know2Good"}
		}
	},
	{
		"__comment": "Chain (bottom to top)",
		"from": [8.5,4,7.75],
		"to": [9.5,6.002,8.25],
		"rotation": { "origin": [ 8, 8, 8 ], "axis": "y", "angle": -45},
		"faces": {
			"north":{"uv":	[5,4,6,6],"texture":"#main","cullface":"Know2Good"},
			"south":{"uv":	[5,4,6,6],"texture":"#main","cullface":"Know2Good"},
			"west":{"uv":	[5,4,6,6],"texture":"#main","cullface":"Know2Good"},
			"east":{"uv":	[5,4,6,6],"texture":"#main","cullface":"Know2Good"}
		}
	},
	{
		"__comment": "Chain (bottom to top)",
		"from": [6.5,6.002,7.75],
		"to": [9.5,7.002,8.25],
		"rotation": { "origin": [ 8, 8, 8 ], "axis": "y", "angle": -45},
		"faces": {
			"down":{"uv":	[3,6,6,7],"texture":"#main","cullface":"Know2Good"},
			"up":{"uv":		[3,6,6,7],"texture":"#main","cullface":"Know2Good"},
			"north":{"uv":	[3,6,6,7],"texture":"#main","cullface":"Know2Good","rotation":180},
			"south":{"uv":	[3,6,6,7],"texture":"#main","cullface":"Know2Good"},
			"west":{"uv":	[3,6,4,7],"texture":"#main","cullface":"Know2Good"},
			"east":{"uv":	[5,6,6,7],"texture":"#main","cullface":"Know2Good"}
		}
	},		
	{
		"__comment": "Chain (bottom to top)",
		"from": [6.5,6,7.75],
		"to": [9.5,7,8.25],
		"rotation": { "origin": [ 8, 8, 8 ], "axis": "y", "angle": 45},
		"faces": {
			"down":{"uv":	[0,6,3,7],"texture":"#main","cullface":"Know2Good"},
			"up":{"uv":		[0,6,3,7],"texture":"#main","cullface":"Know2Good"},
			"north":{"uv":	[0,6,3,7],"texture":"#main","cullface":"Know2Good","rotation":180},
			"south":{"uv":	[0,6,3,7],"texture":"#main","cullface":"Know2Good"},
			"west":{"uv":	[0,6,1,7],"texture":"#main","cullface":"Know2Good"},
			"east":{"uv":	[2,6,3,7],"texture":"#main","cullface":"Know2Good"}
		}
	},
	{
		"__comment": "Chain (bottom to top)",
		"from": [6.5,7,7.75],
		"to": [7.5,9.002,8.25],
		"rotation": { "origin": [ 8, 8, 8 ], "axis": "y", "angle": 45},
		"faces": {
			"north":{"uv":	[0,7,1,9],"texture":"#main","cullface":"Know2Good"},
			"south":{"uv":	[0,7,1,9],"texture":"#main","cullface":"Know2Good"},
			"west":{"uv":	[0,7,1,9],"texture":"#main","cullface":"Know2Good"},
			"east":{"uv":	[0,7,1,9],"texture":"#main","cullface":"Know2Good"}
		}
	},
	{
		"__comment": "Chain (bottom to top)",
		"from": [8.5,7,7.75],
		"to": [9.5,9.002,8.25],
		"rotation": { "origin": [ 8, 8, 8 ], "axis": "y", "angle": 45},
		"faces": {
			"north":{"uv":	[2,7,3,9],"texture":"#main","cullface":"Know2Good"},
			"south":{"uv":	[2,7,3,9],"texture":"#main","cullface":"Know2Good"},
			"west":{"uv":	[2,7,3,9],"texture":"#main","cullface":"Know2Good"},
			"east":{"uv":	[2,7,3,9],"texture":"#main","cullface":"Know2Good"}
		}
	},
	{
		"__comment": "Chain (bottom to top)",
		"from": [6.5,9.002,7.75],
		"to": [9.5,10.002,8.25],
		"rotation": { "origin": [ 8, 8, 8 ], "axis": "y", "angle": 45},
		"faces": {
			"down":{"uv":	[0,9,3,10],"texture":"#main","cullface":"Know2Good"},
			"up":{"uv":		[0,9,3,10],"texture":"#main","cullface":"Know2Good"},
			"north":{"uv":	[0,9,3,10],"texture":"#main","cullface":"Know2Good","rotation":180},
			"south":{"uv":	[0,9,3,10],"texture":"#main","cullface":"Know2Good"},
			"west":{"uv":	[0,9,1,10],"texture":"#main","cullface":"Know2Good"},
			"east":{"uv":	[2,9,3,10],"texture":"#main","cullface":"Know2Good"}
		}
	},	
	{
		"__comment": "Chain (bottom to top)",
		"from": [6.5,9,7.75],
		"to": [9.5,10,8.25],
		"rotation": { "origin": [ 8, 8, 8 ], "axis": "y", "angle": -45},
		"faces": {
			"down":{"uv":	[3,9,6,10],"texture":"#main","cullface":"Know2Good"},
			"up":{"uv":		[3,9,6,10],"texture":"#main","cullface":"Know2Good"},
			"north":{"uv":	[3,9,6,10],"texture":"#main","cullface":"Know2Good","rotation":180},
			"south":{"uv":	[3,9,6,10],"texture":"#main","cullface":"Know2Good"},
			"west":{"uv":	[3,9,4,10],"texture":"#main","cullface":"Know2Good"},
			"east":{"uv":	[5,9,6,10],"texture":"#main","cullface":"Know2Good"}
		}
	},
	{
		"__comment": "Chain (bottom to top)",
		"from": [6.5,10,7.75],
		"to": [7.5,12.002,8.25],
		"rotation": { "origin": [ 8, 8, 8 ], "axis": "y", "angle": -45},
		"faces": {
			"north":{"uv":	[3,10,4,12],"texture":"#main","cullface":"Know2Good"},
			"south":{"uv":	[3,10,4,12],"texture":"#main","cullface":"Know2Good"},
			"west":{"uv":	[3,10,4,12],"texture":"#main","cullface":"Know2Good"},
			"east":{"uv":	[3,10,4,12],"texture":"#main","cullface":"Know2Good"}
		}
	},
	{
		"__comment": "Chain (bottom to top)",
		"from": [8.5,10,7.75],
		"to": [9.5,12.002,8.25],
		"rotation": { "origin": [ 8, 8, 8 ], "axis": "y", "angle": -45},
		"faces": {
			"north":{"uv":	[5,10,6,12],"texture":"#main","cullface":"Know2Good"},
			"south":{"uv":	[5,10,6,12],"texture":"#main","cullface":"Know2Good"},
			"west":{"uv":	[5,10,6,12],"texture":"#main","cullface":"Know2Good"},
			"east":{"uv":	[5,10,6,12],"texture":"#main","cullface":"Know2Good"}
		}
	},
	{
		"__comment": "Chain (bottom to top)",
		"from": [6.5,12.002,7.75],
		"to": [9.5,13.002,8.25],
		"rotation": { "origin": [ 8, 8, 8 ], "axis": "y", "angle": -45},
		"faces": {
			"down":{"uv":	[3,12,6,13],"texture":"#main","cullface":"Know2Good"},
			"up":{"uv":		[3,12,6,13],"texture":"#main","cullface":"Know2Good"},
			"north":{"uv":	[3,12,6,13],"texture":"#main","cullface":"Know2Good","rotation":180},
			"south":{"uv":	[3,12,6,13],"texture":"#main","cullface":"Know2Good"},
			"west":{"uv":	[3,12,4,13],"texture":"#main","cullface":"Know2Good"},
			"east":{"uv":	[5,12,6,13],"texture":"#main","cullface":"Know2Good"}
		}
	},	
	{
		"__comment": "Chain (bottom to top)",
		"from": [6.5,12,7.75],
		"to": [9.5,13,8.25],
		"rotation": { "origin": [ 8, 8, 8 ], "axis": "y", "angle": 45},
		"faces": {
			"down":{"uv":	[0,12,3,13],"texture":"#main","cullface":"Know2Good"},
			"up":{"uv":		[0,12,3,13],"texture":"#main","cullface":"Know2Good"},
			"north":{"uv":	[0,12,3,13],"texture":"#main","cullface":"Know2Good","rotation":180},
			"south":{"uv":	[0,12,3,13],"texture":"#main","cullface":"Know2Good"},
			"west":{"uv":	[0,12,1,13],"texture":"#main","cullface":"Know2Good"},
			"east":{"uv":	[2,12,3,13],"texture":"#main","cullface":"Know2Good"}
		}
	},
	{
		"__comment": "Chain (bottom to top)",
		"from": [6.5,13,7.75],
		"to": [7.5,14.002,8.25],
		"rotation": { "origin": [ 8, 8, 8 ], "axis": "y", "angle": 45},
		"faces": {
			"north":{"uv":	[0,13,1,14],"texture":"#main","cullface":"Know2Good"},
			"south":{"uv":	[0,13,1,14],"texture":"#main","cullface":"Know2Good"},
			"west":{"uv":	[0,13,1,14],"texture":"#main","cullface":"Know2Good"},
			"east":{"uv":	[0,13,1,14],"texture":"#main","cullface":"Know2Good"}
		}
	},
	{
		"__comment": "Chain (bottom to top)",
		"from": [8.5,13,7.75],
		"to": [9.5,14.002,8.25],
		"rotation": { "origin": [ 8, 8, 8 ], "axis": "y", "angle": 45},
		"faces": {
			"north":{"uv":	[2,13,3,14],"texture":"#main","cullface":"Know2Good"},
			"south":{"uv":	[2,13,3,14],"texture":"#main","cullface":"Know2Good"},
			"west":{"uv":	[2,13,3,14],"texture":"#main","cullface":"Know2Good"},
			"east":{"uv":	[2,13,3,14],"texture":"#main","cullface":"Know2Good"}
		}
	},
	{
		"__comment": "Chain (bottom to top)",
		"from": [6.5,14.002,7.75],
		"to": [9.5,15.002,8.25],
		"rotation": { "origin": [ 8, 8, 8 ], "axis": "y", "angle": 45},
		"faces": {
			"down":{"uv":	[0,14,3,15],"texture":"#main","cullface":"Know2Good"},
			"up":{"uv":		[0,14,3,15],"texture":"#main","cullface":"Know2Good"},
			"north":{"uv":	[0,14,3,15],"texture":"#main","cullface":"Know2Good","rotation":180},
			"south":{"uv":	[0,14,3,15],"texture":"#main","cullface":"Know2Good"},
			"west":{"uv":	[0,14,1,15],"texture":"#main","cullface":"Know2Good"},
			"east":{"uv":	[2,14,3,15],"texture":"#main","cullface":"Know2Good"}
		}
	},
	{
		"__comment": "Chain (bottom to top)",
		"from": [6.5,14,7.75],
		"to": [9.5,15,8.25],
		"rotation": { "origin": [ 8, 8, 8 ], "axis": "y", "angle": -45},
		"faces": {
			"down":{"uv":	[3,14,6,15],"texture":"#main","cullface":"Know2Good"},
			"up":{"uv":		[3,14,6,15],"texture":"#main","cullface":"Know2Good"},
			"north":{"uv":	[3,14,6,15],"texture":"#main","cullface":"Know2Good","rotation":180},
			"south":{"uv":	[3,14,6,15],"texture":"#main","cullface":"Know2Good"},
			"west":{"uv":	[3,14,4,15],"texture":"#main","cullface":"Know2Good"},
			"east":{"uv":	[5,14,6,15],"texture":"#main","cullface":"Know2Good"}
		}
	},
	{
		"__comment": "Chain (bottom to top)",
		"from": [6.5,15,7.75],
		"to": [7.5,16,8.25],
		"rotation": { "origin": [ 8, 8, 8 ], "axis": "y", "angle": -45},
		"faces": {
			"up":{"uv":		[3,15,4,16],"texture":"#main","cullface":"up"},
			"north":{"uv":	[3,15,4,16],"texture":"#main","cullface":"Know2Good"},
			"south":{"uv":	[3,15,4,16],"texture":"#main","cullface":"Know2Good"},
			"west":{"uv":	[3,15,4,16],"texture":"#main","cullface":"Know2Good"},
			"east":{"uv":	[3,15,4,16],"texture":"#main","cullface":"Know2Good"}
		}
	},
	{
		"__comment": "Chain (bottom to top)",
		"from": [8.5,15,7.75],
		"to": [9.5,16,8.25],
		"rotation": { "origin": [ 8, 8, 8 ], "axis": "y", "angle": -45},
		"faces": {
			"up":{"uv":		[5,15,6,16],"texture":"#main","cullface":"up"},
			"north":{"uv":	[5,15,6,16],"texture":"#main","cullface":"Know2Good"},
			"south":{"uv":	[5,15,6,16],"texture":"#main","cullface":"Know2Good"},
			"west":{"uv":	[5,15,6,16],"texture":"#main","cullface":"Know2Good"},
			"east":{"uv":	[5,15,6,16],"texture":"#main","cullface":"Know2Good"}
            }
        }
    ]
}