{
"__comment":"Made by Know2Good, part of the 'Default 3D' resource pack || Official download page: http://www.planetminecraft.com/texture_pack/default-3d-2985741/ || © Know2Good. All rights reserved. ",
"__comment":"OK",

"textures": {
        "main": 	"know2good/blocks/stone/bell/0/main",
		"particle": "know2good/blocks/stone/bell/0/bell"
},
"elements":[
	{
		"__comment":"Post east",
		"from":[14,0,6],
		"to":[16,16,10],
		"faces": {
			"down":{"uv":	[0,14,4,16],"texture":"#main","cullface":"down","rotation":90},
			"up":{"uv":		[0,12,4,14],"texture":"#main","cullface":"up","rotation":270},
			"north":{"uv":	[14,0,16,16],"texture":"#main","cullface":"Know2Good"},
			"south":{"uv":	[10,0,12,16],"texture":"#main","cullface":"Know2Good"},
			"west":{"uv":	[15,0,11,16],"texture":"#main","cullface":"Know2Good"},
			"east":{"uv":	[11,0,15,16],"texture":"#main","cullface":"east"}
		}
	},
	{
		"__comment":"Post west",
		"from":[0,0,6],
		"to":[2,16,10],
		"faces": {
			"down":{"uv":	[0,14,4,16],"texture":"#main","cullface":"down","rotation":90},
			"up":{"uv":		[0,12,4,14],"texture":"#main","cullface":"up","rotation":270},
			"north":{"uv":	[14,0,16,16],"texture":"#main","cullface":"Know2Good"},
			"south":{"uv":	[10,0,12,16],"texture":"#main","cullface":"Know2Good"},
			"west":{"uv":	[15,0,11,16],"texture":"#main","cullface":"west"},
			"east":{"uv":	[11,0,15,16],"texture":"#main","cullface":"Know2Good"}
		}
	},
	{
		"__comment":"Bar",
		"from":[2,13,7],
		"to":[14,15,9],
		"faces": {
			"down":{"uv":	[5,14,7,2],"texture":"#main","cullface":"Know2Good","rotation":270},
			"up":{"uv":		[4,2,6,14],"texture":"#main","cullface":"Know2Good","rotation":90},
			"north":{"uv":	[4,14,6,2],"texture":"#main","cullface":"Know2Good","rotation":90},
			"south":{"uv":	[5,2,7,14],"texture":"#main","cullface":"Know2Good","rotation":90},
			"west":{"uv":	[4,2,6,14],"texture":"#main","cullface":"Know2Good","rotation":90},
			"east":{"uv":	[4,2,6,14],"texture":"#main","cullface":"Know2Good","rotation":90}
		}
	},
	{
		"__comment":"Bar east",
		"from":[16,13,7],
		"to":[16.5,15,9],
		"faces": {
			"down":{"uv":	[7,3,9,4],"texture":"#main","cullface":"east","rotation":90},
			"up":{"uv":		[7,2,9,3],"texture":"#main","cullface":"east","rotation":270},
			"north":{"uv":	[7,3,9,4],"texture":"#main","cullface":"east","rotation":90},
			"south":{"uv":	[7,2,9,3],"texture":"#main","cullface":"east","rotation":90},
			"east":{"uv":	[7,2,9,4],"texture":"#main","cullface":"east"}
		}
	},
	{
		"__comment":"Bar west",
		"from":[-0.5,13,7],
		"to":[0,15,9],
		"faces": {
			"down":{"uv":	[7,5,9,6],"texture":"#main","cullface":"west","rotation":270},
			"up":{"uv":		[7,4,9,5],"texture":"#main","cullface":"west","rotation":90},
			"north":{"uv":	[7,4,9,5],"texture":"#main","cullface":"west","rotation":90},
			"south":{"uv":	[7,5,9,6],"texture":"#main","cullface":"west","rotation":90},
			"west":{"uv":	[7,4,9,6],"texture":"#main","cullface":"west"}
		}
	},
	{
		"__comment":"Clapper",
		"from":[7,3,7],
		"to":[9,5,9],
		"faces": {
			"down":{"uv":	[2,0,4,2],"texture":"#main","cullface":"Know2Good"},
			"up":{"uv":		[0,0,2,2],"texture":"#main","cullface":"up"},
			"north":{"uv":	[2,1,4,2],"texture":"#main","cullface":"Know2Good","rotation":180},
			"south":{"uv":	[2,0,4,1],"texture":"#main","cullface":"Know2Good"},
			"west":{"uv":	[2,0,3,2],"texture":"#main","cullface":"Know2Good","rotation":90},
			"east":{"uv":	[3,0,4,2],"texture":"#main","cullface":"Know2Good","rotation":270}
            }
        }
    ]
}