{
"__comment":"Made by Know2Good, part of the 'Default 3D' resource pack || Official download page: http://www.planetminecraft.com/texture_pack/default-3d-2985741/ || © Know2Good. All rights reserved. ",
"__comment":"OK",

"parent": "block/generic_block",

"textures": {
	"top":			"know2good/blocks/gui/loom/top",
	"front":		"know2good/blocks/gui/loom/front",
	"side":			"know2good/blocks/gui/loom/side",
	"bottom":		"know2good/blocks/gui/loom/bottom",
	"inside":		"know2good/blocks/gui/loom/inside",
	"string":		"know2good/blocks/gui/loom/string",
	"particle":		"know2good/blocks/gui/loom/front"
},
"elements": [
	{
		"__comment": "String 1",
		"from": [13.5,14,9],
		"to": [14.5,15,15],
		"faces": {
			"up":{"uv":		[0,0,1,6],"texture":"#string","cullface":"up","rotation":180},
			"north":{"uv":	[0,5,1,6],"texture":"#string","cullface":"up"},
			"west":{"uv":	[0,0,1,6],"texture":"#string","cullface":"up","rotation":90},
			"east":{"uv":	[0,0,1,6],"texture":"#string","cullface":"up","rotation":270}
		}
	},
	{
		"__comment": "String 1",
		"from": [13.5,15,1],
		"to": [14.5,16,9],
		"faces": {
			"up":{"uv":		[0,6,1,14],"texture":"#string","cullface":"up","rotation":180},
			"south":{"uv":	[0,13,1,14],"texture":"#string","cullface":"up"},
			"west":{"uv":	[0,6,1,14],"texture":"#string","cullface":"up","rotation":90},
			"east":{"uv":	[0,6,1,14],"texture":"#string","cullface":"up","rotation":270}
		}
	},
	{
		"__comment": "String 1",
		"from": [13.5,12,0],
		"to": [14.5,15,1],
		"faces": {
			"down":{"uv":	[0,8,1,9],"texture":"#string","cullface":"north"},
			"up":{"uv":		[0,6,1,7],"texture":"#string","cullface":"north"},
			"north":{"uv":	[0,6,1,9],"texture":"#string","cullface":"north"},
			"west":{"uv":	[0,6,1,9],"texture":"#string","cullface":"north"},
			"east":{"uv":	[0,6,1,9],"texture":"#string","cullface":"north"}
		}
	},
	{
		"__comment": "String 1",
		"from": [13.5,10,1],
		"to": [14.5,12,2],
		"faces": {
			"down":{"uv":	[0,11,1,11],"texture":"#string","cullface":"north"},
			"up":{"uv":		[0,9,1,10],"texture":"#string","cullface":"north"},
			"north":{"uv":	[0,9,1,11],"texture":"#string","cullface":"north"},
			"west":{"uv":	[0,9,1,11],"texture":"#string","cullface":"north"},
			"east":{"uv":	[0,9,1,11],"texture":"#string","cullface":"north"}
		}
	},
	{
		"__comment": "String 1",
		"from": [13.5,5,2],
		"to": [14.5,10,3],
		"faces": {
			"north":{"uv":	[0,11,1,16],"texture":"#string","cullface":"north"},
			"west":{"uv":	[0,11,1,16],"texture":"#string","cullface":"north"},
			"east":{"uv":	[0,11,1,16],"texture":"#string","cullface":"north"}
		}
	},
	{
		"__comment": "String 2",
		"from": [11.5,14,10],
		"to": [12.5,15,15],
		"faces": {
			"up":{"uv":		[1,0,2,5],"texture":"#string","cullface":"up","rotation":180},
			"north":{"uv":	[1,4,2,5],"texture":"#string","cullface":"up"},
			"west":{"uv":	[1,0,2,5],"texture":"#string","cullface":"up","rotation":90},
			"east":{"uv":	[1,0,2,5],"texture":"#string","cullface":"up","rotation":270}
		}
	},
	{
		"__comment": "String 2",
		"from": [11.5,13,5],
		"to": [12.5,14,10],
		"faces": {
			"up":{"uv":		[1,5,2,10],"texture":"#string","cullface":"up","rotation":180},
			"north":{"uv":	[1,5,2,6],"texture":"#string","cullface":"up"},
			"south":{"uv":	[1,9,2,10],"texture":"#string","cullface":"up"},
			"west":{"uv":	[1,5,2,10],"texture":"#string","cullface":"up","rotation":90},
			"east":{"uv":	[1,5,2,10],"texture":"#string","cullface":"up","rotation":270}
		}
	},
	{
		"__comment": "String 2",
		"from": [11.5,14,3],
		"to": [12.5,15,5],
		"faces": {
			"up":{"uv":		[1,10,2,12],"texture":"#string","cullface":"up","rotation":180},
			"north":{"uv":	[1,10,2,11],"texture":"#string","cullface":"up"},
			"south":{"uv":	[1,11,2,12],"texture":"#string","cullface":"up"},
			"west":{"uv":	[1,10,2,12],"texture":"#string","cullface":"up","rotation":90},
			"east":{"uv":	[1,10,2,12],"texture":"#string","cullface":"up","rotation":270}
		}
	},
	{
		"__comment": "String 2",
		"from": [11.5,15,1],
		"to": [12.5,16,3],
		"faces": {
			"up":{"uv":		[1,12,2,14],"texture":"#string","cullface":"up","rotation":180},
			"north":{"uv":	[1,12,2,13],"texture":"#string","cullface":"up"},
			"south":{"uv":	[1,13,2,14],"texture":"#string","cullface":"up"},
			"west":{"uv":	[1,12,2,14],"texture":"#string","cullface":"up","rotation":90},
			"east":{"uv":	[1,12,2,14],"texture":"#string","cullface":"up","rotation":270}
		}
	},
	{
		"__comment": "String 2",
		"from": [11.5,12,0],
		"to": [12.5,15,1],
		"faces": {
			"down":{"uv":	[1,8,2,9],"texture":"#string","cullface":"north"},
			"up":{"uv":		[1,6,2,7],"texture":"#string","cullface":"north"},
			"north":{"uv":	[1,6,2,9],"texture":"#string","cullface":"north"},
			"west":{"uv":	[1,6,2,9],"texture":"#string","cullface":"north"},
			"east":{"uv":	[1,6,2,9],"texture":"#string","cullface":"north"}
		}
	},
	{
		"__comment": "String 2",
		"from": [11.5,10,1],
		"to": [12.5,12,2],
		"faces": {
			"down":{"uv":	[1,11,2,11],"texture":"#string","cullface":"north"},
			"up":{"uv":		[1,9,2,10],"texture":"#string","cullface":"north"},
			"north":{"uv":	[1,9,2,11],"texture":"#string","cullface":"north"},
			"west":{"uv":	[1,9,2,11],"texture":"#string","cullface":"north"},
			"east":{"uv":	[1,9,2,11],"texture":"#string","cullface":"north"}
		}
	},
	{
		"__comment": "String 2",
		"from": [11.5,5,2],
		"to": [12.5,10,3],
		"faces": {
			"north":{"uv":	[1,11,2,16],"texture":"#string","cullface":"north"},
			"west":{"uv":	[1,11,2,16],"texture":"#string","cullface":"north"},
			"east":{"uv":	[1,11,2,16],"texture":"#string","cullface":"north"}
		}
	},
	{
		"__comment": "String 3",
		"from": [9.5,14,9],
		"to": [10.5,15,15],
		"faces": {
			"up":{"uv":		[2,0,3,6],"texture":"#string","cullface":"up","rotation":180},
			"north":{"uv":	[2,5,3,6],"texture":"#string","cullface":"up"},
			"west":{"uv":	[2,0,3,6],"texture":"#string","cullface":"up","rotation":90},
			"east":{"uv":	[2,0,3,6],"texture":"#string","cullface":"up","rotation":270}
		}
	},
	{
		"__comment": "String 3",
		"from": [9.5,15,1],
		"to": [10.5,16,9],
		"faces": {
			"up":{"uv":		[2,6,3,14],"texture":"#string","cullface":"up","rotation":180},
			"south":{"uv":	[2,13,3,14],"texture":"#string","cullface":"up"},
			"west":{"uv":	[2,6,3,14],"texture":"#string","cullface":"up","rotation":90},
			"east":{"uv":	[2,6,3,14],"texture":"#string","cullface":"up","rotation":270}
		}
	},
	{
		"__comment": "String 3",
		"from": [9.5,12,0],
		"to": [10.5,15,1],
		"faces": {
			"down":{"uv":	[2,8,3,9],"texture":"#string","cullface":"north"},
			"up":{"uv":		[2,6,3,7],"texture":"#string","cullface":"north"},
			"north":{"uv":	[2,6,3,9],"texture":"#string","cullface":"north"},
			"west":{"uv":	[2,6,3,9],"texture":"#string","cullface":"north"},
			"east":{"uv":	[2,6,3,9],"texture":"#string","cullface":"north"}
		}
	},
	{
		"__comment": "String 3",
		"from": [9.5,10,1],
		"to": [10.5,12,2],
		"faces": {
			"down":{"uv":	[2,11,3,11],"texture":"#string","cullface":"north"},
			"up":{"uv":		[2,9,3,10],"texture":"#string","cullface":"north"},
			"north":{"uv":	[2,9,3,11],"texture":"#string","cullface":"north"},
			"west":{"uv":	[2,9,3,11],"texture":"#string","cullface":"north"},
			"east":{"uv":	[2,9,3,11],"texture":"#string","cullface":"north"}
		}
	},
	{
		"__comment": "String 3",
		"from": [9.5,5,2],
		"to": [10.5,10,3],
		"faces": {
			"north":{"uv":	[2,11,3,16],"texture":"#string","cullface":"north"},
			"west":{"uv":	[2,11,3,16],"texture":"#string","cullface":"north"},
			"east":{"uv":	[2,11,3,16],"texture":"#string","cullface":"north"}
		}
	},
	{
		"__comment": "String 4",
		"from": [7.5,14,10],
		"to": [8.5,15,15],
		"faces": {
			"up":{"uv":		[3,0,4,5],"texture":"#string","cullface":"up","rotation":180},
			"north":{"uv":	[3,4,4,5],"texture":"#string","cullface":"up"},
			"west":{"uv":	[3,0,4,5],"texture":"#string","cullface":"up","rotation":90},
			"east":{"uv":	[3,0,4,5],"texture":"#string","cullface":"up","rotation":270}
		}
	},
	{
		"__comment": "String 4",
		"from": [7.5,13,5],
		"to": [8.5,14,10],
		"faces": {
			"up":{"uv":		[3,5,4,10],"texture":"#string","cullface":"up","rotation":180},
			"north":{"uv":	[3,5,4,6],"texture":"#string","cullface":"up"},
			"south":{"uv":	[3,9,4,10],"texture":"#string","cullface":"up"},
			"west":{"uv":	[3,5,4,10],"texture":"#string","cullface":"up","rotation":90},
			"east":{"uv":	[3,5,4,10],"texture":"#string","cullface":"up","rotation":270}
		}
	},
	{
		"__comment": "String 4",
		"from": [7.5,14,3],
		"to": [8.5,15,5],
		"faces": {
			"up":{"uv":		[3,10,4,12],"texture":"#string","cullface":"up","rotation":180},
			"north":{"uv":	[3,10,4,11],"texture":"#string","cullface":"up"},
			"south":{"uv":	[3,11,4,12],"texture":"#string","cullface":"up"},
			"west":{"uv":	[3,10,4,12],"texture":"#string","cullface":"up","rotation":90},
			"east":{"uv":	[3,10,4,12],"texture":"#string","cullface":"up","rotation":270}
		}
	},
	{
		"__comment": "String 4",
		"from": [7.5,15,1],
		"to": [8.5,16,3],
		"faces": {
			"up":{"uv":		[3,12,4,14],"texture":"#string","cullface":"up","rotation":180},
			"north":{"uv":	[3,12,4,13],"texture":"#string","cullface":"up"},
			"south":{"uv":	[3,13,4,14],"texture":"#string","cullface":"up"},
			"west":{"uv":	[3,12,4,14],"texture":"#string","cullface":"up","rotation":90},
			"east":{"uv":	[3,12,4,14],"texture":"#string","cullface":"up","rotation":270}
		}
	},
	{
		"__comment": "String 4",
		"from": [7.5,12,0],
		"to": [8.5,15,1],
		"faces": {
			"down":{"uv":	[3,8,4,9],"texture":"#string","cullface":"north"},
			"up":{"uv":		[3,6,4,7],"texture":"#string","cullface":"north"},
			"north":{"uv":	[3,6,4,9],"texture":"#string","cullface":"north"},
			"west":{"uv":	[3,6,4,9],"texture":"#string","cullface":"north"},
			"east":{"uv":	[3,6,4,9],"texture":"#string","cullface":"north"}
		}
	},
	{
		"__comment": "String 4",
		"from": [7.5,10,1],
		"to": [8.5,12,2],
		"faces": {
			"down":{"uv":	[3,11,4,11],"texture":"#string","cullface":"north"},
			"up":{"uv":		[3,9,4,10],"texture":"#string","cullface":"north"},
			"north":{"uv":	[3,9,4,11],"texture":"#string","cullface":"north"},
			"west":{"uv":	[3,9,4,11],"texture":"#string","cullface":"north"},
			"east":{"uv":	[3,9,4,11],"texture":"#string","cullface":"north"}
		}
	},
	{
		"__comment": "String 4",
		"from": [7.5,5,2],
		"to": [8.5,10,3],
		"faces": {
			"north":{"uv":	[3,11,4,16],"texture":"#string","cullface":"north"},
			"west":{"uv":	[3,11,4,16],"texture":"#string","cullface":"north"},
			"east":{"uv":	[3,11,4,16],"texture":"#string","cullface":"north"}
		}
	},
	{
		"__comment": "String 5",
		"from": [5.5,14,9],
		"to": [6.5,15,15],
		"faces": {
			"up":{"uv":		[4,0,5,6],"texture":"#string","cullface":"up","rotation":180},
			"north":{"uv":	[4,5,5,6],"texture":"#string","cullface":"up"},
			"west":{"uv":	[4,0,5,6],"texture":"#string","cullface":"up","rotation":90},
			"east":{"uv":	[4,0,5,6],"texture":"#string","cullface":"up","rotation":270}
		}
	},
	{
		"__comment": "String 5",
		"from": [5.5,15,1],
		"to": [6.5,16,9],
		"faces": {
			"up":{"uv":		[4,6,5,14],"texture":"#string","cullface":"up","rotation":180},
			"south":{"uv":	[4,13,5,14],"texture":"#string","cullface":"up"},
			"west":{"uv":	[4,6,5,14],"texture":"#string","cullface":"up","rotation":90},
			"east":{"uv":	[4,6,5,14],"texture":"#string","cullface":"up","rotation":270}
		}
	},
	{
		"__comment": "String 5",
		"from": [5.5,12,0],
		"to": [6.5,15,1],
		"faces": {
			"down":{"uv":	[4,8,5,9],"texture":"#string","cullface":"north"},
			"up":{"uv":		[4,6,5,7],"texture":"#string","cullface":"north"},
			"north":{"uv":	[4,6,5,9],"texture":"#string","cullface":"north"},
			"west":{"uv":	[4,6,5,9],"texture":"#string","cullface":"north"},
			"east":{"uv":	[4,6,5,9],"texture":"#string","cullface":"north"}
		}
	},
	{
		"__comment": "String 5",
		"from": [5.5,10,1],
		"to": [6.5,12,2],
		"faces": {
			"down":{"uv":	[4,11,5,11],"texture":"#string","cullface":"north"},
			"up":{"uv":		[4,9,5,10],"texture":"#string","cullface":"north"},
			"north":{"uv":	[4,9,5,11],"texture":"#string","cullface":"north"},
			"west":{"uv":	[4,9,5,11],"texture":"#string","cullface":"north"},
			"east":{"uv":	[4,9,5,11],"texture":"#string","cullface":"north"}
		}
	},
	{
		"__comment": "String 5",
		"from": [5.5,5,2],
		"to": [6.5,10,3],
		"faces": {
			"north":{"uv":	[4,11,5,16],"texture":"#string","cullface":"north"},
			"west":{"uv":	[4,11,5,16],"texture":"#string","cullface":"north"},
			"east":{"uv":	[4,11,5,16],"texture":"#string","cullface":"north"}
		}
	},
	{
		"__comment": "String 6",
		"from": [3.5,14,10],
		"to": [4.5,15,15],
		"faces": {
			"up":{"uv":		[5,0,6,5],"texture":"#string","cullface":"up","rotation":180},
			"north":{"uv":	[5,4,6,5],"texture":"#string","cullface":"up"},
			"west":{"uv":	[5,0,6,5],"texture":"#string","cullface":"up","rotation":90},
			"east":{"uv":	[5,0,6,5],"texture":"#string","cullface":"up","rotation":270}
		}
	},
	{
		"__comment": "String 6",
		"from": [3.5,13,5],
		"to": [4.5,14,10],
		"faces": {
			"up":{"uv":		[5,5,6,10],"texture":"#string","cullface":"up","rotation":180},
			"north":{"uv":	[5,5,6,6],"texture":"#string","cullface":"up"},
			"south":{"uv":	[5,9,6,10],"texture":"#string","cullface":"up"},
			"west":{"uv":	[5,5,6,10],"texture":"#string","cullface":"up","rotation":90},
			"east":{"uv":	[5,5,6,10],"texture":"#string","cullface":"up","rotation":270}
		}
	},
	{
		"__comment": "String 6",
		"from": [3.5,14,3],
		"to": [4.5,15,5],
		"faces": {
			"up":{"uv":		[5,10,6,12],"texture":"#string","cullface":"up","rotation":180},
			"north":{"uv":	[5,10,6,11],"texture":"#string","cullface":"up"},
			"south":{"uv":	[5,11,6,12],"texture":"#string","cullface":"up"},
			"west":{"uv":	[5,10,6,12],"texture":"#string","cullface":"up","rotation":90},
			"east":{"uv":	[5,10,6,12],"texture":"#string","cullface":"up","rotation":270}
		}
	},
	{
		"__comment": "String 6",
		"from": [3.5,15,1],
		"to": [4.5,16,3],
		"faces": {
			"up":{"uv":		[5,12,6,14],"texture":"#string","cullface":"up","rotation":180},
			"north":{"uv":	[5,12,6,13],"texture":"#string","cullface":"up"},
			"south":{"uv":	[5,13,6,14],"texture":"#string","cullface":"up"},
			"west":{"uv":	[5,12,6,14],"texture":"#string","cullface":"up","rotation":90},
			"east":{"uv":	[5,12,6,14],"texture":"#string","cullface":"up","rotation":270}
		}
	},
	{
		"__comment": "String 6",
		"from": [3.5,12,0],
		"to": [4.5,15,1],
		"faces": {
			"down":{"uv":	[5,8,6,9],"texture":"#string","cullface":"north"},
			"up":{"uv":		[5,6,6,7],"texture":"#string","cullface":"north"},
			"north":{"uv":	[5,6,6,9],"texture":"#string","cullface":"north"},
			"west":{"uv":	[5,6,6,9],"texture":"#string","cullface":"north"},
			"east":{"uv":	[5,6,6,9],"texture":"#string","cullface":"north"}
		}
	},
	{
		"__comment": "String 6",
		"from": [3.5,10,1],
		"to": [4.5,12,2],
		"faces": {
			"down":{"uv":	[5,11,6,11],"texture":"#string","cullface":"north"},
			"up":{"uv":		[5,9,6,10],"texture":"#string","cullface":"north"},
			"north":{"uv":	[5,9,6,11],"texture":"#string","cullface":"north"},
			"west":{"uv":	[5,9,6,11],"texture":"#string","cullface":"north"},
			"east":{"uv":	[5,9,6,11],"texture":"#string","cullface":"north"}
		}
	},
	{
		"__comment": "String 6",
		"from": [3.5,5,2],
		"to": [4.5,10,3],
		"faces": {
			"north":{"uv":	[5,11,6,16],"texture":"#string","cullface":"north"},
			"west":{"uv":	[5,11,6,16],"texture":"#string","cullface":"north"},
			"east":{"uv":	[5,11,6,16],"texture":"#string","cullface":"north"}
		}
	},
	{
		"__comment": "String 7",
		"from": [1.5,14,9],
		"to": [2.5,15,15],
		"faces": {
			"up":{"uv":		[6,0,7,6],"texture":"#string","cullface":"up","rotation":180},
			"north":{"uv":	[6,5,7,6],"texture":"#string","cullface":"up"},
			"west":{"uv":	[6,0,7,6],"texture":"#string","cullface":"up","rotation":90},
			"east":{"uv":	[6,0,7,6],"texture":"#string","cullface":"up","rotation":270}
		}
	},
	{
		"__comment": "String 7",
		"from": [1.5,15,1],
		"to": [2.5,16,9],
		"faces": {
			"up":{"uv":		[6,6,7,14],"texture":"#string","cullface":"up","rotation":180},
			"south":{"uv":	[6,13,7,14],"texture":"#string","cullface":"up"},
			"west":{"uv":	[6,6,7,14],"texture":"#string","cullface":"up","rotation":90},
			"east":{"uv":	[6,6,7,14],"texture":"#string","cullface":"up","rotation":270}
		}
	},
	{
		"__comment": "String 7",
		"from": [1.5,12,0],
		"to": [2.5,15,1],
		"faces": {
			"down":{"uv":	[6,8,7,9],"texture":"#string","cullface":"north"},
			"up":{"uv":		[6,6,7,7],"texture":"#string","cullface":"north"},
			"north":{"uv":	[6,6,7,9],"texture":"#string","cullface":"north"},
			"west":{"uv":	[6,6,7,9],"texture":"#string","cullface":"north"},
			"east":{"uv":	[6,6,7,9],"texture":"#string","cullface":"north"}
		}
	},
	{
		"__comment": "String 7",
		"from": [1.5,10,1],
		"to": [2.5,12,2],
		"faces": {
			"down":{"uv":	[6,11,7,11],"texture":"#string","cullface":"north"},
			"up":{"uv":		[6,9,7,10],"texture":"#string","cullface":"north"},
			"north":{"uv":	[6,9,7,11],"texture":"#string","cullface":"north"},
			"west":{"uv":	[6,9,7,11],"texture":"#string","cullface":"north"},
			"east":{"uv":	[6,9,7,11],"texture":"#string","cullface":"north"}
		}
	},
	{
		"__comment": "String 7",
		"from": [1.5,5,2],
		"to": [2.5,10,3],
		"faces": {
			"north":{"uv":	[6,11,7,16],"texture":"#string","cullface":"north"},
			"west":{"uv":	[6,11,7,16],"texture":"#string","cullface":"north"},
			"east":{"uv":	[6,11,7,16],"texture":"#string","cullface":"north"}
		}
	},
	{
		"__comment": "String end",
		"from": [1.5,3,2],
		"to": [14.5,5,3],
		"faces": {
			"down":{"uv":	[0,8,13,9],"texture":"#string","cullface":"north","rotation":180},
			"north":{"uv":	[0,7,13,9],"texture":"#string","cullface":"north"},
			"west":{"uv":	[12,7,13,9],"texture":"#string","cullface":"north"},
			"east":{"uv":	[0,7,1,9],"texture":"#string","cullface":"north"}
		}
	},
	{
		"__comment": "String end",
		"from": [2.5,2,1],
		"to": [13.5,3,2],
		"faces": {
			"up":{"uv":		[1,9,12,10],"texture":"#string","cullface":"north","rotation":180},
			"north":{"uv":	[1,9,12,10],"texture":"#string","cullface":"north"},
			"west":{"uv":	[11,9,12,10],"texture":"#string","cullface":"north"},
			"east":{"uv":	[1,9,2,10],"texture":"#string","cullface":"north"}
		}
	},
	{
		"__comment": "Shed stick top",
		"from": [1,15,12],
		"to": [15,16,13],
		"faces": {
			"up":{"uv":		[1,3,15,4],"texture":"#top","cullface":"up","rotation":180},
			"north":{"uv":	[1,3,15,4],"texture":"#top","cullface":"up"},
			"south":{"uv":	[1,3,15,4],"texture":"#top","cullface":"up","rotation":180}
		}
	},
	{
		"__comment": "Shed stick bottom",
		"from": [1,13,12],
		"to": [15,14,13],
		"faces": {
			"up":{"uv":		[1,8,15,9],"texture":"#top","cullface":"up","rotation":180},
			"north":{"uv":	[1,8,15,9],"texture":"#top","cullface":"up"},
			"south":{"uv":	[1,8,15,9],"texture":"#top","cullface":"up","rotation":180}
		}
	},
	{
		"__comment": "Shed stick",
		"from": [1,15,12],
		"to": [15,16,13],
		"faces": {
			"up":{"uv":		[1,3,15,4],"texture":"#top","cullface":"up","rotation":180},
			"north":{"uv":	[1,3,15,4],"texture":"#top","cullface":"up"},
			"south":{"uv":	[1,3,15,4],"texture":"#top","cullface":"up","rotation":180}
		}
	},
	{
		"__comment": "Leash rod",
		"from": [1,14,6],
		"to": [15,15,8],
		"faces": {
			"up":{"uv":		[15,8,1,10],"texture":"#top","cullface":"up"},
			"north":{"uv":	[1,8,15,9],"texture":"#top","cullface":"up"},
			"south":{"uv":	[1,9,15,10],"texture":"#top","cullface":"up","rotation":180}
		}
	},
	{
		"__comment": "Top inside",
		"from": [1,12,2],
		"to": [15,12,15],
		"faces": {
			"down":{"uv":	[1,1,15,14],"texture":"#inside","cullface":"Know2Good"},
			"up":{"uv":		[1,1,15,14],"texture":"#inside","cullface":"up"}
		}
	},
	{
		"__comment": "Front plate",
		"from": [1,13,1],
		"to": [15,15,3],
		"faces": {
			"down":{"uv":	[1,1,15,3],"texture":"#front","cullface":"north"},
			"up":{"uv":		[1,7,15,5],"texture":"#front","cullface":"up"},
			"north":{"uv":	[15,1,1,3],"texture":"#front","cullface":"north"},
			"south":{"uv":	[1,3,15,5],"texture":"#front","cullface":"up"}
		}
	},
	{
		"__comment": "Front plate",
		"from": [1,10,2],
		"to": [15,13,3],
		"faces": {
			"down":{"uv":	[1,5,15,6],"texture":"#front","cullface":"north"},
			"up":{"uv":		[1,3,15,4],"texture":"#front","cullface":"north"},
			"north":{"uv":	[15,3,1,6],"texture":"#front","cullface":"north"}
		}
	},
	{
		"__comment": "Front cover",
		"from": [1,1,5],
		"to": [15,12,5],
		"faces": {
			"north":{"uv":	[1,4,15,15],"texture":"#bottom","cullface":"north"}
		}
	},
	{
		"__comment": "Front side",
		"from": [2,6,0.5],
		"to": [14,7,0.5],
		"faces": {
			"north":{"uv":	[2,9,14,10],"texture":"#front","cullface":"north","rotation":180}
		}
	},
	{
		"__comment": "Frame top north",
		"from": [1,15,0],
		"to": [15,16,1],
		"faces": {
			"down":{"uv":	[1,0,15,1],"texture":"#front","cullface":"north"},
			"up":{"uv":		[1,0,15,1],"texture":"#front","cullface":"up"},
			"north":{"uv":	[1,0,15,1],"texture":"#front","cullface":"north","rotation":180},
			"south":{"uv":	[1,0,15,1],"texture":"#front","cullface":"up"}
		}
	},
	{
		"__comment": "Frame middle north",
		"from": [1,7,0],
		"to": [15,8,1],
		"faces": {
			"down":{"uv":	[1,8,15,9],"texture":"#front","cullface":"north"},
			"up":{"uv":		[1,8,15,9],"texture":"#front","cullface":"north"},
			"north":{"uv":	[1,8,15,9],"texture":"#front","cullface":"north","rotation":180}
		}
	},
	{
		"__comment": "Frame middle north",
		"from": [14,6,0],
		"to": [15,7,1],
		"faces": {
			"down":{"uv":	[1,9,2,10],"texture":"#front","cullface":"north"},
			"up":{"uv":		[1,9,2,10],"texture":"#front","cullface":"north"},
			"north":{"uv":	[1,9,2,10],"texture":"#front","cullface":"north"},
			"west":{"uv":	[1,9,2,10],"texture":"#front","cullface":"north"}
		}
	},
	{
		"__comment": "Frame middle north",
		"from": [1,6,0],
		"to": [2,7,1],
		"faces": {
			"down":{"uv":	[14,9,15,10],"texture":"#front","cullface":"north"},
			"up":{"uv":		[14,9,15,10],"texture":"#front","cullface":"north"},
			"north":{"uv":	[14,9,15,10],"texture":"#front","cullface":"north"},
			"east":{"uv":	[14,9,15,10],"texture":"#front","cullface":"north"}
		}
	},
	{
		"__comment": "Frame middle north",
		"from": [1,5,0],
		"to": [15,6,1],
		"faces": {
			"down":{"uv":	[1,10,15,11],"texture":"#front","cullface":"north"},
			"up":{"uv":		[1,10,15,11],"texture":"#front","cullface":"north"},
			"north":{"uv":	[1,10,15,11],"texture":"#front","cullface":"north","rotation":180}
		}
	},
	{
		"__comment": "Side east",
		"from": [15,2,1],
		"to": [15.5,15,15],
		"faces": {
			"west":{"uv":	[1,1,15,14],"texture":"#bottom","cullface":"Know2Good"},
			"east":{"uv":	[1,1,15,14],"texture":"#side","cullface":"east"}
		}
	},
	{
		"__comment": "Frame top east",
		"from": [15,15,1],
		"to": [16,16,15],
		"faces": {
			"down":{"uv":	[0,1,1,15],"texture":"#top","cullface":"east"},
			"up":{"uv":		[0,1,1,15],"texture":"#top","cullface":"up","rotation":180},
			"west":{"uv":	[0,1,1,15],"texture":"#top","cullface":"up","rotation":90},
			"east":{"uv":	[0,1,1,15],"texture":"#top","cullface":"east","rotation":270}
		}
	},
	{
		"__comment": "Frame middle east",
		"from": [15,7,1],
		"to": [16,9,15],
		"faces": {
			"down":{"uv":	[1,8,15,9],"texture":"#side","cullface":"east","rotation":90},
			"up":{"uv":		[1,7,15,8],"texture":"#side","cullface":"east","rotation":270},
			"east":{"uv":	[1,7,15,9],"texture":"#side","cullface":"east"}
		}
	},
	{
		"__comment": "Side south",
		"from": [1,2,15],
		"to": [15,15,15.5],
		"faces": {
			"north":{"uv":	[1,1,15,14],"texture":"#bottom","cullface":"Know2Good"},
			"south":{"uv":	[1,1,15,14],"texture":"#side","cullface":"south"}
		}
	},
	{
		"__comment": "Frame top south",
		"from": [1,15,15],
		"to": [15,16,16],
		"faces": {
			"down":{"uv":	[1,0,15,1],"texture":"#side","cullface":"south"},
			"up":{"uv":		[1,0,15,1],"texture":"#side","cullface":"up"},
			"north":{"uv":	[1,0,15,1],"texture":"#side","cullface":"up","rotation":180},
			"south":{"uv":	[1,0,15,1],"texture":"#side","cullface":"south"}
		}
	},
	{
		"__comment": "Frame middle south",
		"from": [1,7,15],
		"to": [15,9,16],
		"faces": {
			"down":{"uv":	[1,8,15,9],"texture":"#side","cullface":"south"},
			"up":{"uv":		[1,7,15,8],"texture":"#side","cullface":"south"},
			"south":{"uv":	[1,7,15,9],"texture":"#side","cullface":"south"}
		}
	},
	{
		"__comment": "Side west",
		"from": [0.5,2,1],
		"to": [1,15,15],
		"faces": {
			"west":{"uv":	[1,1,15,14],"texture":"#side","cullface":"east"},
			"east":{"uv":	[1,1,15,14],"texture":"#bottom","cullface":"Know2Good"}
		}
	},
	{
		"__comment": "Frame top west",
		"from": [0,15,1],
		"to": [1,16,15],
		"faces": {
			"down":{"uv":	[15,1,16,15],"texture":"#top","cullface":"west"},
			"up":{"uv":		[15,1,16,15],"texture":"#top","cullface":"up","rotation":180},
			"west":{"uv":	[15,1,16,15],"texture":"#top","cullface":"west","rotation":90},
			"east":{"uv":	[15,1,16,15],"texture":"#top","cullface":"up","rotation":270}
		}
	},
	{
		"__comment": "Frame middle west",
		"from": [0,7,1],
		"to": [1,9,15],
		"faces": {
			"down":{"uv":	[1,8,15,9],"texture":"#side","cullface":"west","rotation":270},
			"up":{"uv":		[1,7,15,8],"texture":"#side","cullface":"west","rotation":90},
			"west":{"uv":	[1,7,15,9],"texture":"#side","cullface":"west"}
		}
	},
	{
		"__comment": "Frame north-west",
		"from": [0,0,0],
		"to": [1,16,1],
		"faces": {
			"down":{"uv":	[15,15,16,16],"texture":"#front","cullface":"down"},
			"up":{"uv":		[15,0,16,1],"texture":"#front","cullface":"up"},
			"north":{"uv":	[15,0,16,16],"texture":"#front","cullface":"north"},
			"south":{"uv":	[15,0,16,16],"texture":"#front","cullface":"west"},
			"west":{"uv":	[15,0,16,16],"texture":"#front","cullface":"west"},
			"east":{"uv":	[15,0,16,16],"texture":"#front","cullface":"north"}
		}
	},
	{
		"__comment": "Frame north-east",
		"from": [15,0,0],
		"to": [16,16,1],
		"faces": {
			"down":{"uv":	[0,15,1,16],"texture":"#front","cullface":"down"},
			"up":{"uv":		[0,0,1,1],"texture":"#front","cullface":"up"},
			"north":{"uv":	[0,0,1,16],"texture":"#front","cullface":"north"},
			"south":{"uv":	[0,0,1,16],"texture":"#front","cullface":"east"},
			"west":{"uv":	[0,0,1,16],"texture":"#front","cullface":"north"},
			"east":{"uv":	[0,0,1,16],"texture":"#front","cullface":"east"}
		}
	},
	{
		"__comment": "Frame south-east",
		"from": [15,0,15],
		"to": [16,16,16],
		"faces": {
			"down":{"uv":	[0,15,1,16],"texture":"#side","cullface":"down"},
			"up":{"uv":		[0,0,1,1],"texture":"#side","cullface":"up"},
			"north":{"uv":	[0,0,1,16],"texture":"#side","cullface":"east"},
			"south":{"uv":	[0,0,1,16],"texture":"#side","cullface":"south"},
			"west":{"uv":	[0,0,1,16],"texture":"#side","cullface":"south"},
			"east":{"uv":	[0,0,1,16],"texture":"#side","cullface":"east"}
		}
	},
	{
		"__comment": "Frame south-west",
		"from": [0,0,15],
		"to": [1,16,16],
		"faces": {
			"down":{"uv":	[15,15,16,16],"texture":"#side","cullface":"down"},
			"up":{"uv":		[15,0,16,1],"texture":"#side","cullface":"up"},
			"north":{"uv":	[15,0,16,16],"texture":"#side","cullface":"west"},
			"south":{"uv":	[15,0,16,16],"texture":"#side","cullface":"south"},
			"west":{"uv":	[15,0,16,16],"texture":"#side","cullface":"west"},
			"east":{"uv":	[15,0,16,16],"texture":"#side","cullface":"south"}
		}
	},
	{
		"__comment": "Frame bottom north",
		"from": [1,0,0],
		"to": [15,2,1],
		"faces": {
			"down":{"uv":	[1,15,15,16],"texture":"#front","cullface":"down"},
			"up":{"uv":		[1,14,15,15],"texture":"#front","cullface":"north"},
			"north":{"uv":	[15,14,1,16],"texture":"#front","cullface":"north"},
			"south":{"uv":	[1,14,15,16],"texture":"#front","cullface":"down"}
		}
	},
	{
		"__comment": "Frame bottom east",
		"from": [15,0,1],
		"to": [16,2,15],
		"faces": {
			"down":{"uv":	[1,15,15,16],"texture":"#side","cullface":"down","rotation":90},
			"up":{"uv":		[1,14,15,15],"texture":"#side","cullface":"east","rotation":270},
			"west":{"uv":	[15,14,1,16],"texture":"#side","cullface":"down"},
			"east":{"uv":	[1,14,15,16],"texture":"#side","cullface":"east"}
		}
	},
	{
		"__comment": "Frame bottom south",
		"from": [1,0,15],
		"to": [15,2,16],
		"faces": {
			"down":{"uv":	[1,15,15,16],"texture":"#side","cullface":"down"},
			"up":{"uv":		[1,14,15,15],"texture":"#side","cullface":"south"},
			"north":{"uv":	[15,14,1,16],"texture":"#side","cullface":"down"},
			"south":{"uv":	[1,14,15,16],"texture":"#side","cullface":"south"}
		}
	},
	{
		"__comment": "Frame bottom west",
		"from": [0,0,1],
		"to": [1,2,15],
		"faces": {
			"down":{"uv":	[1,15,15,16],"texture":"#side","cullface":"down","rotation":270},
			"up":{"uv":		[1,14,15,15],"texture":"#side","cullface":"west","rotation":90},
			"west":{"uv":	[1,14,15,16],"texture":"#side","cullface":"west"},
			"east":{"uv":	[15,14,1,16],"texture":"#side","cullface":"down"}
		}
	},
	{
		"__comment": "Bottom",
		"from": [1,1,1],
		"to": [15,2,15],
		"faces": {
			"down":{"uv":	[1,1,15,15],"texture":"#bottom","cullface":"down"},
			"up":{"uv":		[1,1,15,15],"texture":"#bottom","cullface":"Know2Good"}
            }
        }
    ]
}