{
"__comment":"Made by Know2Good, part of the 'Default 3D' resource pack || Official download page: http://www.planetminecraft.com/texture_pack/default-3d-2985741/ || © Know2Good. All rights reserved. ",
"__comment":"OK",

"parent": "block/generic_block",

"textures": {
	"top":			"know2good/blocks/gui/anvil/top",
	"base_end":		"know2good/blocks/gui/anvil/base_end",
	"base_side":	"know2good/blocks/gui/anvil/base_side",
    "neck":			"know2good/blocks/gui/anvil/neck",
	"top_bottom":	"know2good/blocks/gui/anvil/top_bottom",
	"particle":		"know2good/blocks/gui/anvil/top"
},
"elements": [ 
	{
		"__comment":"Top",
		"from":[3,15,0],
		"to":[13,16,16],
		"faces": {
			"up":{"uv":		[3.01,0.01,12.99,15.99],"texture":"#top","cullface":"up"},
			"north":{"uv":	[3.01,0.01,12.99,0.99],"texture":"#top","cullface":"Know2Good","rotation":180},
			"south":{"uv":	[3.01,15.01,12.99,15.99],"texture":"#top","cullface":"Know2Good"},
			"west":{"uv":	[3.01,0.01,3.99,15.99],"texture":"#top","cullface":"Know2Good","rotation":270},
			"east":{"uv":	[12.01,0.01,12.99,15.99],"texture":"#top","cullface":"Know2Good","rotation":90}
		}
	},
	{
		"__comment":"Base",
		"from":[2,0,2],
		"to":[14,4,14],
		"faces": {
			"down":{"uv":	[0.01,0.01,11.99,11.99],"texture":"#base_end","cullface":"down"},
			"up":{"uv":		[0.01,0.01,11.99,11.99],"texture":"#base_end","cullface":"Know2Good"},
			"north":{"uv":	[0.01,0.01,11.99,3.99],"texture":"#base_side","cullface":"Know2Good"},
			"south":{"uv":	[0.01,8.01,11.99,11.99],"texture":"#base_side","cullface":"Know2Good"},
			"west":{"uv":	[0.01,12.01,11.99,15.99],"texture":"#base_side","cullface":"Know2Good"},
			"east":{"uv":	[0.01,4.01,11.99,7.99],"texture":"#base_side","cullface":"Know2Good"}
		}
	},
	{
		"__comment":"Base top",
		"from":[4,4,3],
		"to":[12,5,13],
		"faces": {
			"up":{"uv":		[2.01,1.01,9.99,10.99],"texture":"#base_end","cullface":"Know2Good"},
			"north":{"uv":	[2.01,1.01,9.99,1.99],"texture":"#base_end","cullface":"Know2Good","rotation":180},
			"south":{"uv":	[2.01,10.01,9.99,10.99],"texture":"#base_end","cullface":"Know2Good"},
			"west":{"uv":	[2.01,1.01,2.99,10.99],"texture":"#base_end","cullface":"Know2Good","rotation":270},
			"east":{"uv":	[9.01,1.01,9.99,10.99],"texture":"#base_end","cullface":"Know2Good","rotation":90}
		}
	},
	{
		"__comment":"Neck",
		"from":[6,5,4],
		"to":[10,10,12],
		"faces": {
			"north":{"uv":	[8.01,0.01,11.99,4.99],"texture":"#neck","cullface":"Know2Good"},
			"south":{"uv":	[8.01,0.01,11.99,4.99],"texture":"#neck","cullface":"Know2Good"},
			"west":{"uv":	[0.01,0.01,7.99,4.99],"texture":"#neck","cullface":"Know2Good"},
			"east":{"uv":	[0.01,0.01,7.99,4.99],"texture":"#neck","cullface":"Know2Good"}
		}
	},
	{
		"__comment":"Top_bottom",
		"from":[3,10,0],
		"to":[13,15,16],
		"faces": {
			"down":{"uv":	[3.01,0.01,12.99,15.99],"texture":"#top_bottom","cullface":"Know2Good"},
			"north":{"uv":	[0.01,10.01,9.99,14.99],"texture":"#neck","cullface":"Know2Good"},
			"south":{"uv":	[0.01,10.01,9.99,14.99],"texture":"#neck","cullface":"Know2Good"},
			"west":{"uv":	[0.01,5.01,15.99,9.99],"texture":"#neck","cullface":"Know2Good"},
			"east":{"uv":	[0.01,5.01,15.99,9.99],"texture":"#neck","cullface":"Know2Good"}
            }
        }
    ]
}