{
"__comment":"Made by Know2Good, part of the 'Default 3D' resource pack || Official download page: http://www.planetminecraft.com/texture_pack/default-3d-2985741/ || © Know2Good. All rights reserved. ",
"__comment":"OK",

"parent": "block/generic_block",

"textures": {
	"top":			"know2good/blocks/gui/anvil/chipped_top",
	"base_end":		"know2good/blocks/gui/anvil/base_end",
	"base_side":	"know2good/blocks/gui/anvil/base_side",
    "neck":			"know2good/blocks/gui/anvil/neck",
	"top_bottom":	"know2good/blocks/gui/anvil/top_bottom",
	"particle":		"know2good/blocks/gui/anvil/chipped_top"   
},
"elements": [ 
	{
		"__comment":"Top north-west to south-east",
		"from":[3,15,0],
		"to":[12,16,1],
		"faces": {
			"up":{"uv":		[3.01,0.01,11.99,0.99],"texture":"#top","cullface":"up"},
			"north":{"uv":	[3.01,0.01,11.99,0.99],"texture":"#top","cullface":"Know2Good","rotation":180},
			"south":{"uv":	[3.01,0.01,11.99,0.99],"texture":"#top","cullface":"Know2Good"},
			"west":{"uv":	[3.01,0.01,3.99,0.99],"texture":"#top","cullface":"Know2Good","rotation":270},
			"east":{"uv":	[11.01,0.01,11.99,0.99],"texture":"#top","cullface":"Know2Good","rotation":90}
		}
	},
	{
		"__comment":"Top north-west to south-east",
		"from":[3,15,1],
		"to":[5,16,2],
		"faces": {
			"up":{"uv":		[3.01,1.01,4.99,1.99],"texture":"#top","cullface":"up"},
			"north":{"uv":	[3.01,1.01,4.99,1.99],"texture":"#top","cullface":"Know2Good","rotation":180},
			"south":{"uv":	[3.01,1.01,4.99,1.99],"texture":"#top","cullface":"Know2Good"},
			"west":{"uv":	[3.01,1.01,3.99,1.99],"texture":"#top","cullface":"Know2Good","rotation":270},
			"east":{"uv":	[4.01,1.01,4.99,1.99],"texture":"#top","cullface":"Know2Good","rotation":90}
		}
	},
	{
		"__comment":"Top north-west to south-east",
		"from":[6,15,1],
		"to":[11,16,2],
		"faces": {
			"up":{"uv":		[6.01,1.01,10.99,1.99],"texture":"#top","cullface":"up"},
			"north":{"uv":	[6.01,1.01,10.99,1.99],"texture":"#top","cullface":"Know2Good","rotation":180},
			"south":{"uv":	[6.01,1.01,10.99,1.99],"texture":"#top","cullface":"Know2Good"},
			"west":{"uv":	[6.01,1.01,6.99,1.99],"texture":"#top","cullface":"Know2Good","rotation":270},
			"east":{"uv":	[10.01,1.01,10.99,1.99],"texture":"#top","cullface":"Know2Good","rotation":90}
		}
	},
	{
		"__comment":"Top north-west to south-east",
		"from":[12,15,1],
		"to":[13,16,2],
		"faces": {
			"up":{"uv":		[12.01,1.01,10.99,1.99],"texture":"#top","cullface":"up"},
			"north":{"uv":	[12.01,1.01,10.99,1.99],"texture":"#top","cullface":"Know2Good","rotation":180},
			"south":{"uv":	[12.01,1.01,10.99,1.99],"texture":"#top","cullface":"Know2Good"},
			"west":{"uv":	[12.01,1.01,12.99,1.99],"texture":"#top","cullface":"Know2Good","rotation":270},
			"east":{"uv":	[10.01,1.01,10.99,1.99],"texture":"#top","cullface":"Know2Good","rotation":90}
		}
	},
	{
		"__comment":"Top north-west to south-east",
		"from":[3,15,2],
		"to":[4,16,3],
		"faces": {
			"up":{"uv":		[3.01,2.01,3.99,2.99],"texture":"#top","cullface":"up"},
			"north":{"uv":	[3.01,2.01,3.99,2.99],"texture":"#top","cullface":"Know2Good","rotation":180},
			"south":{"uv":	[3.01,2.01,3.99,2.99],"texture":"#top","cullface":"Know2Good"},
			"west":{"uv":	[3.01,2.01,3.99,2.99],"texture":"#top","cullface":"Know2Good","rotation":270},
			"east":{"uv":	[3.01,2.01,3.99,2.99],"texture":"#top","cullface":"Know2Good","rotation":90}
		}
	},
	{
		"__comment":"Top north-west to south-east",
		"from":[5,15,2],
		"to":[8,16,3],
		"faces": {
			"up":{"uv":		[5.01,2.01,7.99,2.99],"texture":"#top","cullface":"up"},
			"north":{"uv":	[5.01,2.01,7.99,2.99],"texture":"#top","cullface":"Know2Good","rotation":180},
			"south":{"uv":	[5.01,2.01,7.99,2.99],"texture":"#top","cullface":"Know2Good"},
			"west":{"uv":	[5.01,2.01,5.99,2.99],"texture":"#top","cullface":"Know2Good","rotation":270},
			"east":{"uv":	[7.01,2.01,7.99,2.99],"texture":"#top","cullface":"Know2Good","rotation":90}
		}
	},
	{
		"__comment":"Top north-west to south-east",
		"from":[9,15,2],
		"to":[13,16,3],
		"faces": {
			"up":{"uv":		[9.01,2.01,12.99,2.99],"texture":"#top","cullface":"up"},
			"north":{"uv":	[9.01,2.01,12.99,2.99],"texture":"#top","cullface":"Know2Good","rotation":180},
			"south":{"uv":	[9.01,2.01,12.99,2.99],"texture":"#top","cullface":"Know2Good"},
			"west":{"uv":	[9.01,2.01,9.99,2.99],"texture":"#top","cullface":"Know2Good","rotation":270},
			"east":{"uv":	[12.01,2.01,12.99,2.99],"texture":"#top","cullface":"Know2Good","rotation":90}
		}
	},
	{
		"__comment":"Top north-west to south-east",
		"from":[3,15,3],
		"to":[5,16,4],
		"faces": {
			"up":{"uv":		[3.01,3.01,4.99,3.99],"texture":"#top","cullface":"up"},
			"north":{"uv":	[3.01,3.01,4.99,3.99],"texture":"#top","cullface":"Know2Good","rotation":180},
			"south":{"uv":	[3.01,3.01,4.99,3.99],"texture":"#top","cullface":"Know2Good"},
			"west":{"uv":	[3.01,3.01,3.99,3.99],"texture":"#top","cullface":"Know2Good","rotation":270},
			"east":{"uv":	[4.01,3.01,4.99,3.99],"texture":"#top","cullface":"Know2Good","rotation":90}
		}
	},
	{
		"__comment":"Top north-west to south-east",
		"from":[6,15,3],
		"to":[7,16,4],
		"faces": {
			"up":{"uv":		[6.01,3.01,6.99,3.99],"texture":"#top","cullface":"up"},
			"north":{"uv":	[6.01,3.01,6.99,3.99],"texture":"#top","cullface":"Know2Good","rotation":180},
			"south":{"uv":	[6.01,3.01,6.99,3.99],"texture":"#top","cullface":"Know2Good"},
			"west":{"uv":	[6.01,3.01,6.99,3.99],"texture":"#top","cullface":"Know2Good","rotation":270},
			"east":{"uv":	[6.01,3.01,6.99,3.99],"texture":"#top","cullface":"Know2Good","rotation":90}
		}
	},
	{
		"__comment":"Top north-west to south-east",
		"from":[8,15,3],
		"to":[13,16,4],
		"faces": {
			"up":{"uv":		[8.01,3.01,12.99,3.99],"texture":"#top","cullface":"up"},
			"north":{"uv":	[8.01,3.01,12.99,3.99],"texture":"#top","cullface":"Know2Good","rotation":180},
			"south":{"uv":	[8.01,3.01,12.99,3.99],"texture":"#top","cullface":"Know2Good"},
			"west":{"uv":	[8.01,3.01,8.99,3.99],"texture":"#top","cullface":"Know2Good","rotation":270},
			"east":{"uv":	[12.01,3.01,12.99,3.99],"texture":"#top","cullface":"Know2Good","rotation":90}
		}
	},
	{
		"__comment":"Top north-west to south-east",
		"from":[4,15,4],
		"to":[6,16,5],
		"faces": {
			"up":{"uv":		[4.01,4.01,5.99,4.99],"texture":"#top","cullface":"up"},
			"north":{"uv":	[4.01,4.01,5.99,4.99],"texture":"#top","cullface":"Know2Good","rotation":180},
			"south":{"uv":	[4.01,4.01,5.99,4.99],"texture":"#top","cullface":"Know2Good"},
			"west":{"uv":	[4.01,4.01,4.99,4.99],"texture":"#top","cullface":"Know2Good","rotation":270},
			"east":{"uv":	[5.01,4.01,5.99,4.99],"texture":"#top","cullface":"Know2Good","rotation":90}
		}
	},
	{
		"__comment":"Top north-west to south-east",
		"from":[7,15,4],
		"to":[9,16,6],
		"faces": {
			"up":{"uv":		[7.01,4.01,8.99,5.99],"texture":"#top","cullface":"up"},
			"north":{"uv":	[7.01,4.01,8.99,4.99],"texture":"#top","cullface":"Know2Good","rotation":180},
			"south":{"uv":	[7.01,5.01,8.99,5.99],"texture":"#top","cullface":"Know2Good"},
			"west":{"uv":	[7.01,4.01,7.99,5.99],"texture":"#top","cullface":"Know2Good","rotation":270},
			"east":{"uv":	[8.01,4.01,8.99,5.99],"texture":"#top","cullface":"Know2Good","rotation":90}
		}
	},
	{
		"__comment":"Top north-west to south-east",
		"from":[10,15,4],
		"to":[13,16,5],
		"faces": {
			"up":{"uv":		[10.01,4.01,12.99,4.99],"texture":"#top","cullface":"up"},
			"north":{"uv":	[10.01,4.01,12.99,4.99],"texture":"#top","cullface":"Know2Good","rotation":180},
			"south":{"uv":	[10.01,4.01,12.99,4.99],"texture":"#top","cullface":"Know2Good"},
			"west":{"uv":	[10.01,4.01,10.99,4.99],"texture":"#top","cullface":"Know2Good","rotation":270},
			"east":{"uv":	[12.01,4.01,12.99,4.99],"texture":"#top","cullface":"Know2Good","rotation":90}
		}
	},
	{
		"__comment":"Top north-west to south-east",
		"from":[3,15,5],
		"to":[6,16,6],
		"faces": {
			"up":{"uv":		[3.01,5.01,5.99,5.99],"texture":"#top","cullface":"up"},
			"north":{"uv":	[3.01,5.01,5.99,5.99],"texture":"#top","cullface":"Know2Good","rotation":180},
			"south":{"uv":	[3.01,5.01,5.99,5.99],"texture":"#top","cullface":"Know2Good"},
			"west":{"uv":	[3.01,5.01,3.99,5.99],"texture":"#top","cullface":"Know2Good","rotation":270},
			"east":{"uv":	[5.01,5.01,5.99,5.99],"texture":"#top","cullface":"Know2Good","rotation":90}
		}
	},
	{
		"__comment":"Top north-west to south-east",
		"from":[10,15,5],
		"to":[12,16,6],
		"faces": {
			"up":{"uv":		[10.01,5.01,11.99,5.99],"texture":"#top","cullface":"up"},
			"north":{"uv":	[10.01,5.01,11.99,5.99],"texture":"#top","cullface":"Know2Good","rotation":180},
			"south":{"uv":	[10.01,5.01,11.99,5.99],"texture":"#top","cullface":"Know2Good"},
			"west":{"uv":	[10.01,5.01,10.99,5.99],"texture":"#top","cullface":"Know2Good","rotation":270},
			"east":{"uv":	[11.01,5.01,11.99,5.99],"texture":"#top","cullface":"Know2Good","rotation":90}
		}
	},
	{
		"__comment":"Top north-west to south-east",
		"from":[3,15,6],
		"to":[4,16,7],
		"faces": {
			"up":{"uv":		[3.01,6.01,3.99,6.99],"texture":"#top","cullface":"up"},
			"north":{"uv":	[3.01,6.01,3.99,6.99],"texture":"#top","cullface":"Know2Good","rotation":180},
			"south":{"uv":	[3.01,6.01,3.99,6.99],"texture":"#top","cullface":"Know2Good"},
			"west":{"uv":	[3.01,6.01,3.99,6.99],"texture":"#top","cullface":"Know2Good","rotation":270},
			"east":{"uv":	[3.01,6.01,3.99,6.99],"texture":"#top","cullface":"Know2Good","rotation":90}
		}
	},
	{
		"__comment":"Top north-west to south-east",
		"from":[6,15,6],
		"to":[10,16,7],
		"faces": {
			"up":{"uv":		[6.01,6.01,9.99,6.99],"texture":"#top","cullface":"up"},
			"north":{"uv":	[6.01,6.01,9.99,6.99],"texture":"#top","cullface":"Know2Good","rotation":180},
			"south":{"uv":	[6.01,6.01,9.99,6.99],"texture":"#top","cullface":"Know2Good"},
			"west":{"uv":	[6.01,6.01,6.99,6.99],"texture":"#top","cullface":"Know2Good","rotation":270},
			"east":{"uv":	[9.01,6.01,9.99,6.99],"texture":"#top","cullface":"Know2Good","rotation":90}
		}
	},
	{
		"__comment":"Top north-west to south-east",
		"from":[12,15,6],
		"to":[13,16,7],
		"faces": {
			"up":{"uv":		[12.01,6.01,12.99,6.99],"texture":"#top","cullface":"up"},
			"north":{"uv":	[12.01,6.01,12.99,6.99],"texture":"#top","cullface":"Know2Good","rotation":180},
			"south":{"uv":	[12.01,6.01,12.99,6.99],"texture":"#top","cullface":"Know2Good"},
			"west":{"uv":	[12.01,6.01,12.99,6.99],"texture":"#top","cullface":"Know2Good","rotation":270},
			"east":{"uv":	[12.01,6.01,12.99,6.99],"texture":"#top","cullface":"Know2Good","rotation":90}
		}
	},
	{
		"__comment":"Top north-west to south-east",
		"from":[4,15,7],
		"to":[7,16,8],
		"faces": {
			"up":{"uv":		[4.01,7.01,6.99,7.99],"texture":"#top","cullface":"up"},
			"north":{"uv":	[4.01,7.01,6.99,7.99],"texture":"#top","cullface":"Know2Good","rotation":180},
			"south":{"uv":	[4.01,7.01,6.99,7.99],"texture":"#top","cullface":"Know2Good"},
			"west":{"uv":	[4.01,7.01,4.99,7.99],"texture":"#top","cullface":"Know2Good","rotation":270},
			"east":{"uv":	[6.01,7.01,6.99,7.99],"texture":"#top","cullface":"Know2Good","rotation":90}
		}
	},
	{
		"__comment":"Top north-west to south-east",
		"from":[8,15,7],
		"to":[9,16,8],
		"faces": {
			"up":{"uv":		[8.01,7.01,8.99,7.99],"texture":"#top","cullface":"up"},
			"north":{"uv":	[8.01,7.01,8.99,7.99],"texture":"#top","cullface":"Know2Good","rotation":180},
			"south":{"uv":	[8.01,7.01,8.99,7.99],"texture":"#top","cullface":"Know2Good"},
			"west":{"uv":	[8.01,7.01,8.99,7.99],"texture":"#top","cullface":"Know2Good","rotation":270},
			"east":{"uv":	[8.01,7.01,8.99,7.99],"texture":"#top","cullface":"Know2Good","rotation":90}
		}
	},
	{
		"__comment":"Top north-west to south-east",
		"from":[10,15,7],
		"to":[11,16,8],
		"faces": {
			"up":{"uv":		[10.01,7.01,10.99,7.99],"texture":"#top","cullface":"up"},
			"north":{"uv":	[10.01,7.01,10.99,7.99],"texture":"#top","cullface":"Know2Good","rotation":180},
			"south":{"uv":	[10.01,7.01,10.99,7.99],"texture":"#top","cullface":"Know2Good"},
			"west":{"uv":	[10.01,7.01,10.99,7.99],"texture":"#top","cullface":"Know2Good","rotation":270},
			"east":{"uv":	[10.01,7.01,10.99,7.99],"texture":"#top","cullface":"Know2Good","rotation":90}
		}
	},
	{
		"__comment":"Top north-west to south-east",
		"from":[3,15,8],
		"to":[8,16,10],
		"faces": {
			"up":{"uv":		[3.01,8.01,7.99,9.99],"texture":"#top","cullface":"up"},
			"north":{"uv":	[3.01,8.01,7.99,8.99],"texture":"#top","cullface":"Know2Good","rotation":180},
			"south":{"uv":	[3.01,9.01,7.99,9.99],"texture":"#top","cullface":"Know2Good"},
			"west":{"uv":	[3.01,8.01,3.99,9.99],"texture":"#top","cullface":"Know2Good","rotation":270},
			"east":{"uv":	[7.01,8.01,7.99,9.99],"texture":"#top","cullface":"Know2Good","rotation":90}
		}
	},
	{
		"__comment":"Top north-west to south-east",
		"from":[9,15,8],
		"to":[13,16,9],
		"faces": {
			"up":{"uv":		[9.01,8.01,12.99,8.99],"texture":"#top","cullface":"up"},
			"north":{"uv":	[9.01,8.01,12.99,8.99],"texture":"#top","cullface":"Know2Good","rotation":180},
			"south":{"uv":	[9.01,8.01,12.99,8.99],"texture":"#top","cullface":"Know2Good"},
			"west":{"uv":	[9.01,8.01,9.99,8.99],"texture":"#top","cullface":"Know2Good","rotation":270},
			"east":{"uv":	[12.01,8.01,12.99,8.99],"texture":"#top","cullface":"Know2Good","rotation":90}
		}
	},
	{
		"__comment":"Top north-west to south-east",
		"from":[9,15,9],
		"to":[11,16,10],
		"faces": {
			"up":{"uv":		[9.01,9.01,10.99,9.99],"texture":"#top","cullface":"up"},
			"north":{"uv":	[9.01,9.01,10.99,9.99],"texture":"#top","cullface":"Know2Good","rotation":180},
			"south":{"uv":	[9.01,9.01,10.99,9.99],"texture":"#top","cullface":"Know2Good"},
			"west":{"uv":	[9.01,9.01,9.99,9.99],"texture":"#top","cullface":"Know2Good","rotation":270},
			"east":{"uv":	[10.01,9.01,10.99,9.99],"texture":"#top","cullface":"Know2Good","rotation":90}
		}
	},
	{
		"__comment":"Top north-west to south-east",
		"from":[12,15,9],
		"to":[13,16,10],
		"faces": {
			"up":{"uv":		[12.01,9.01,12.99,9.99],"texture":"#top","cullface":"up"},
			"north":{"uv":	[12.01,9.01,12.99,9.99],"texture":"#top","cullface":"Know2Good","rotation":180},
			"south":{"uv":	[12.01,9.01,12.99,9.99],"texture":"#top","cullface":"Know2Good"},
			"west":{"uv":	[12.01,9.01,12.99,9.99],"texture":"#top","cullface":"Know2Good","rotation":270},
			"east":{"uv":	[12.01,9.01,12.99,9.99],"texture":"#top","cullface":"Know2Good","rotation":90}
		}
	},
	{
		"__comment":"Top north-west to south-east",
		"from":[3,15,10],
		"to":[4,16,11],
		"faces": {
			"up":{"uv":		[3.01,10.01,3.99,10.99],"texture":"#top","cullface":"up"},
			"north":{"uv":	[3.01,10.01,3.99,10.99],"texture":"#top","cullface":"Know2Good","rotation":180},
			"south":{"uv":	[3.01,10.01,3.99,10.99],"texture":"#top","cullface":"Know2Good"},
			"west":{"uv":	[3.01,10.01,3.99,10.99],"texture":"#top","cullface":"Know2Good","rotation":270},
			"east":{"uv":	[3.01,10.01,3.99,10.99],"texture":"#top","cullface":"Know2Good","rotation":90}
		}
	},
	{
		"__comment":"Top north-west to south-east",
		"from":[5,15,10],
		"to":[12,16,11],
		"faces": {
			"up":{"uv":		[5.01,10.01,11.99,10.99],"texture":"#top","cullface":"up"},
			"north":{"uv":	[5.01,10.01,11.99,10.99],"texture":"#top","cullface":"Know2Good","rotation":180},
			"south":{"uv":	[5.01,10.01,11.99,10.99],"texture":"#top","cullface":"Know2Good"},
			"west":{"uv":	[5.01,10.01,5.99,10.99],"texture":"#top","cullface":"Know2Good","rotation":270},
			"east":{"uv":	[11.01,10.01,11.99,10.99],"texture":"#top","cullface":"Know2Good","rotation":90}
		}
	},
	{
		"__comment":"Top north-west to south-east",
		"from":[3,15,11],
		"to":[5,16,12],
		"faces": {
			"up":{"uv":		[3.01,11.01,4.99,11.99],"texture":"#top","cullface":"up"},
			"north":{"uv":	[3.01,11.01,4.99,11.99],"texture":"#top","cullface":"Know2Good","rotation":180},
			"south":{"uv":	[3.01,11.01,4.99,11.99],"texture":"#top","cullface":"Know2Good"},
			"west":{"uv":	[3.01,11.01,3.99,11.99],"texture":"#top","cullface":"Know2Good","rotation":270},
			"east":{"uv":	[4.01,11.01,4.99,11.99],"texture":"#top","cullface":"Know2Good","rotation":90}
		}
	},
	{
		"__comment":"Top north-west to south-east",
		"from":[7,15,11],
		"to":[13,16,12],
		"faces": {
			"up":{"uv":		[7.01,11.01,12.99,11.99],"texture":"#top","cullface":"up"},
			"north":{"uv":	[7.01,11.01,12.99,11.99],"texture":"#top","cullface":"Know2Good","rotation":180},
			"south":{"uv":	[7.01,11.01,12.99,11.99],"texture":"#top","cullface":"Know2Good"},
			"west":{"uv":	[7.01,11.01,7.99,11.99],"texture":"#top","cullface":"Know2Good","rotation":270},
			"east":{"uv":	[12.01,11.01,12.99,11.99],"texture":"#top","cullface":"Know2Good","rotation":90}
		}
	},
	{
		"__comment":"Top north-west to south-east",
		"from":[3,15,12],
		"to":[4,16,13],
		"faces": {
			"up":{"uv":		[3.01,12.01,4.99,12.99],"texture":"#top","cullface":"up"},
			"north":{"uv":	[3.01,12.01,4.99,12.99],"texture":"#top","cullface":"Know2Good","rotation":180},
			"south":{"uv":	[3.01,12.01,4.99,12.99],"texture":"#top","cullface":"Know2Good"},
			"west":{"uv":	[3.01,12.01,3.99,12.99],"texture":"#top","cullface":"Know2Good","rotation":270},
			"east":{"uv":	[4.01,12.01,4.99,12.99],"texture":"#top","cullface":"Know2Good","rotation":90}
		}
	},
	{
		"__comment":"Top north-west to south-east",
		"from":[5,15,12],
		"to":[13,16,13],
		"faces": {
			"up":{"uv":		[5.01,12.01,12.99,12.99],"texture":"#top","cullface":"up"},
			"north":{"uv":	[5.01,12.01,12.99,12.99],"texture":"#top","cullface":"Know2Good","rotation":180},
			"south":{"uv":	[5.01,12.01,12.99,12.99],"texture":"#top","cullface":"Know2Good"},
			"west":{"uv":	[5.01,12.01,5.99,12.99],"texture":"#top","cullface":"Know2Good","rotation":270},
			"east":{"uv":	[12.01,12.01,12.99,12.99],"texture":"#top","cullface":"Know2Good","rotation":90}
		}
	},
	{
		"__comment":"Top north-west to south-east",
		"from":[4,15,13],
		"to":[10,16,14],
		"faces": {
			"up":{"uv":		[4.01,13.01,9.99,13.99],"texture":"#top","cullface":"up"},
			"north":{"uv":	[4.01,13.01,9.99,13.99],"texture":"#top","cullface":"Know2Good","rotation":180},
			"south":{"uv":	[4.01,13.01,9.99,13.99],"texture":"#top","cullface":"Know2Good"},
			"west":{"uv":	[4.01,13.01,4.99,13.99],"texture":"#top","cullface":"Know2Good","rotation":270},
			"east":{"uv":	[9.01,13.01,9.99,13.99],"texture":"#top","cullface":"Know2Good","rotation":90}
		}
	},
	{
		"__comment":"Top north-west to south-east",
		"from":[11,15,13],
		"to":[13,16,14],
		"faces": {
			"up":{"uv":		[11.01,13.01,12.99,13.99],"texture":"#top","cullface":"up"},
			"north":{"uv":	[11.01,13.01,12.99,13.99],"texture":"#top","cullface":"Know2Good","rotation":180},
			"south":{"uv":	[11.01,13.01,12.99,13.99],"texture":"#top","cullface":"Know2Good"},
			"west":{"uv":	[11.01,13.01,11.99,13.99],"texture":"#top","cullface":"Know2Good","rotation":270},
			"east":{"uv":	[12.01,13.01,12.99,13.99],"texture":"#top","cullface":"Know2Good","rotation":90}
		}
	},
	{
		"__comment":"Top north-west to south-east",
		"from":[3,15,14],
		"to":[8,16,15],
		"faces": {
			"up":{"uv":		[3.01,14.01,7.99,14.99],"texture":"#top","cullface":"up"},
			"north":{"uv":	[3.01,14.01,7.99,14.99],"texture":"#top","cullface":"Know2Good","rotation":180},
			"south":{"uv":	[3.01,14.01,7.99,14.99],"texture":"#top","cullface":"Know2Good"},
			"west":{"uv":	[3.01,14.01,3.99,14.99],"texture":"#top","cullface":"Know2Good","rotation":270},
			"east":{"uv":	[7.01,14.01,7.99,14.99],"texture":"#top","cullface":"Know2Good","rotation":90}
		}
	},
	{
		"__comment":"Top north-west to south-east",
		"from":[9,15,14],
		"to":[11,16,15],
		"faces": {
			"up":{"uv":		[9.01,14.01,10.99,14.99],"texture":"#top","cullface":"up"},
			"north":{"uv":	[9.01,14.01,10.99,14.99],"texture":"#top","cullface":"Know2Good","rotation":180},
			"south":{"uv":	[9.01,14.01,10.99,14.99],"texture":"#top","cullface":"Know2Good"},
			"west":{"uv":	[9.01,14.01,9.99,14.99],"texture":"#top","cullface":"Know2Good","rotation":270},
			"east":{"uv":	[10.01,14.01,10.99,14.99],"texture":"#top","cullface":"Know2Good","rotation":90}
		}
	},
	{
		"__comment":"Top north-west to south-east",
		"from":[5,15,15],
		"to":[7,16,16],
		"faces": {
			"up":{"uv":		[5.01,15.01,6.99,15.99],"texture":"#top","cullface":"up"},
			"north":{"uv":	[5.01,15.01,6.99,15.99],"texture":"#top","cullface":"Know2Good","rotation":180},
			"south":{"uv":	[5.01,15.01,6.99,15.99],"texture":"#top","cullface":"Know2Good"},
			"west":{"uv":	[5.01,15.01,5.99,15.99],"texture":"#top","cullface":"Know2Good","rotation":270},
			"east":{"uv":	[6.01,15.01,6.99,15.99],"texture":"#top","cullface":"Know2Good","rotation":90}
		}
	},
	{
		"__comment":"Top north-west to south-east",
		"from":[8,15,15],
		"to":[12,16,16],
		"faces": {
			"up":{"uv":		[8.01,15.01,11.99,15.99],"texture":"#top","cullface":"up"},
			"north":{"uv":	[8.01,15.01,11.99,15.99],"texture":"#top","cullface":"Know2Good","rotation":180},
			"south":{"uv":	[8.01,15.01,11.99,15.99],"texture":"#top","cullface":"Know2Good"},
			"west":{"uv":	[8.01,15.01,8.99,15.99],"texture":"#top","cullface":"Know2Good","rotation":270},
			"east":{"uv":	[11.01,15.01,11.99,15.99],"texture":"#top","cullface":"Know2Good","rotation":90}
		}
	},
	{
		"__comment":"Base",
		"from":[2,0,2],
		"to":[14,4,14],
		"faces": {
			"down":{"uv":	[0.01,0.01,11.99,11.99],"texture":"#base_end","cullface":"down"},
			"up":{"uv":		[0.01,0.01,11.99,11.99],"texture":"#base_end","cullface":"Know2Good"},
			"north":{"uv":	[0.01,0.01,11.99,3.99],"texture":"#base_side","cullface":"Know2Good"},
			"south":{"uv":	[0.01,8.01,11.99,11.99],"texture":"#base_side","cullface":"Know2Good"},
			"west":{"uv":	[0.01,12.01,11.99,15.99],"texture":"#base_side","cullface":"Know2Good"},
			"east":{"uv":	[0.01,4.01,11.99,7.99],"texture":"#base_side","cullface":"Know2Good"}
		}
	},
	{
		"__comment":"Base top",
		"from":[4,4,3],
		"to":[12,5,13],
		"faces": {
			"up":{"uv":		[2.01,1.01,9.99,10.99],"texture":"#base_end","cullface":"Know2Good"},
			"north":{"uv":	[2.01,1.01,9.99,1.99],"texture":"#base_end","cullface":"Know2Good","rotation":180},
			"south":{"uv":	[2.01,10.01,9.99,10.99],"texture":"#base_end","cullface":"Know2Good"},
			"west":{"uv":	[2.01,1.01,2.99,10.99],"texture":"#base_end","cullface":"Know2Good","rotation":270},
			"east":{"uv":	[9.01,1.01,9.99,10.99],"texture":"#base_end","cullface":"Know2Good","rotation":90}
		}
	},
	{
		"__comment":"Neck",
		"from":[6,5,4],
		"to":[10,10,12],
		"faces": {
			"north":{"uv":	[8.01,0.01,11.99,4.99],"texture":"#neck","cullface":"Know2Good"},
			"south":{"uv":	[8.01,0.01,11.99,4.99],"texture":"#neck","cullface":"Know2Good"},
			"west":{"uv":	[0.01,0.01,7.99,4.99],"texture":"#neck","cullface":"Know2Good"},
			"east":{"uv":	[0.01,0.01,7.99,4.99],"texture":"#neck","cullface":"Know2Good"}
		}
	},
	{
		"__comment":"Top_bottom",
		"from":[3,10,0],
		"to":[13,15,16],
		"faces": {
			"down":{"uv":	[3.01,0.01,12.99,15.99],"texture":"#top_bottom","cullface":"Know2Good"},
			"up":{"uv":		[3.01,0.01,12.99,15.99],"texture":"#top","cullface":"Know2Good"},
			"north":{"uv":	[0.01,10.01,9.99,14.99],"texture":"#neck","cullface":"Know2Good"},
			"south":{"uv":	[0.01,10.01,9.99,14.99],"texture":"#neck","cullface":"Know2Good"},
			"west":{"uv":	[0.01,5.01,15.99,9.99],"texture":"#neck","cullface":"Know2Good"},
			"east":{"uv":	[0.01,5.01,15.99,9.99],"texture":"#neck","cullface":"Know2Good"}
            }
        }
    ]
}