{
"__comment":"Made by Know2Good, part of the 'Default 3D' resource pack || Official download page: http://www.planetminecraft.com/texture_pack/default-3d-2985741/ || © Know2Good. All rights reserved. ",
"__comment":"OK",

"textures": {
	"fuel":			"know2good/blocks/gui/furnace/furnace/hot",
	"front":		"know2good/blocks/gui/furnace/furnace/front",
	"main":			"know2good/blocks/gui/furnace/furnace/main",
	"side":			"know2good/blocks/gui/furnace/furnace/side",
	"particle":		"know2good/blocks/gui/furnace/furnace/front"
},
"elements": [
	{
		"__comment": "Inside bottom",
		"from": [2,0.02,12.5],
		"to": [14,6,1.5],
		"faces": {
			"down":{"uv":	[2,2,14,13],"texture":"#fuel","cullface":"north"},
			"up":{"uv":		[2,2,14,13],"texture":"#fuel","cullface":"north"},
			"north":{"uv":	[2,10,14,16],"texture":"#fuel","cullface":"north"},
			"west":{"uv":	[2,10,13,16],"texture":"#fuel","cullface":"north"},
			"east":{"uv":	[2,10,13,16],"texture":"#fuel","cullface":"north"}
		}
	},
	{
		"__comment": "Inside top",
		"from": [2,8,13],
		"to": [14,13,2],
		"faces": {
			"down":{"uv":	[2,2,14,13],"texture":"#fuel","cullface":"north"},
			"up":{"uv":		[2,2,14,13],"texture":"#fuel","cullface":"north"},
			"north":{"uv":	[2,3,14,8],"texture":"#fuel","cullface":"north"},
			"west":{"uv":	[2,3,13,8],"texture":"#fuel","cullface":"north"},
			"east":{"uv":	[2,3,13,8],"texture":"#fuel","cullface":"north"}
		}
	},
	{
		"__comment": "Top",
		"from": [0,15,0],
		"to": [16,16,16],
		"faces": {
			"down":{"uv":	[0,16,16,0],"texture":"#main","cullface":"Know2Good"},
			"up":{"uv":		[0,0,16,16],"texture":"#main","cullface":"up"},
			"north":{"uv":	[0,0,16,1],"texture":"#main","cullface":"north","rotation":180},
			"south":{"uv":	[0,15,16,16],"texture":"#main","cullface":"south"},
			"west":{"uv":	[0,0,1,16],"texture":"#main","cullface":"west","rotation":270},
			"east":{"uv":	[15,0,16,16],"texture":"#main","cullface":"east","rotation":90}
		}
	},
	{
		"__comment": "Sides, bottom",
		"from": [1,0,1],
		"to": [15,16,15],
		"faces": {
			"down":{"uv":	[1,1,15,15],"texture":"#main","cullface":"down"},
			"south":{"uv":	[1,0,15,16],"texture":"#side","cullface":"south"},
			"west":{"uv":	[1,0,15,16],"texture":"#side","cullface":"west"},
			"east":{"uv":	[1,0,15,16],"texture":"#side","cullface":"east"}
		}
	},
	{
		"__comment": "Frame north-west",
		"from": [0,0,0],
		"to": [1,15,1],
		"faces": {
			"down":{"uv":	[15,15,16,16],"texture":"#front","cullface":"down"},
			"north":{"uv":	[15,1,16,16],"texture":"#front","cullface":"north"},
			"south":{"uv":	[15,1,16,16],"texture":"#front","cullface":"west"},
			"west":{"uv":	[15,1,16,16],"texture":"#front","cullface":"west"},
			"east":{"uv":	[15,1,16,16],"texture":"#front","cullface":"north"}
		}
	},
	{
		"__comment": "Frame north-east",
		"from": [15,0,0],
		"to": [16,15,1],
		"faces": {
			"down":{"uv":	[0,15,1,16],"texture":"#front","cullface":"down"},
			"north":{"uv":	[0,1,1,16],"texture":"#front","cullface":"north"},
			"south":{"uv":	[0,1,1,16],"texture":"#front","cullface":"east"},
			"west":{"uv":	[0,1,1,16],"texture":"#front","cullface":"north"},
			"east":{"uv":	[0,1,1,16],"texture":"#front","cullface":"east"}
		}
	},
	{
		"__comment": "Frame south-east",
		"from": [15,0,15],
		"to": [16,15,16],
		"faces": {
			"down":{"uv":	[0,15,1,16],"texture":"#side","cullface":"down"},
			"north":{"uv":	[0,1,1,16],"texture":"#side","cullface":"east"},
			"south":{"uv":	[0,1,1,16],"texture":"#side","cullface":"south"},
			"west":{"uv":	[0,1,1,16],"texture":"#side","cullface":"south"},
			"east":{"uv":	[0,1,1,16],"texture":"#side","cullface":"east"}
		}
	},
	{
		"__comment": "Frame south-west",
		"from": [0,0,15],
		"to": [1,15,16],
		"faces": {
			"down":{"uv":	[15,15,16,16],"texture":"#side","cullface":"down"},
			"north":{"uv":	[15,1,16,16],"texture":"#side","cullface":"west"},
			"south":{"uv":	[15,1,16,16],"texture":"#side","cullface":"south"},
			"west":{"uv":	[15,1,16,16],"texture":"#side","cullface":"west"},
			"east":{"uv":	[15,1,16,16],"texture":"#side","cullface":"south"}
		}
	},
	{
		"__comment": "Frame bottom north",
		"from": [1,0,0],
		"to": [15,1,1.5],
		"faces": {
			"down":{"uv":	[1,15,15,16],"texture":"#front","cullface":"down","rotation":180},
			"up":{"uv":		[1,15,15,16],"texture":"#front","cullface":"north","rotation":180},
			"north":{"uv":	[1,15,15,16],"texture":"#front","cullface":"north"},
			"south":{"uv":	[1,15,15,16],"texture":"#front","cullface":"down","rotation":180}
		}
	},
	{
		"__comment": "Frame bottom east",
		"from": [15,0,1],
		"to": [16,1,15],
		"faces": {
			"down":{"uv":	[1,15,15,16],"texture":"#side","cullface":"down","rotation":90},
			"up":{"uv":		[1,15,15,16],"texture":"#side","cullface":"east","rotation":270},
			"east":{"uv":	[1,15,15,16],"texture":"#side","cullface":"east"},
			"west":{"uv":	[1,15,15,16],"texture":"#side","cullface":"down","rotation":180}
		}
	},
	{
		"__comment": "Frame bottom south",
		"from": [1,0,15],
		"to": [15,1,16],
		"faces": {
			"down":{"uv":	[1,15,15,16],"texture":"#side","cullface":"down"},
			"up":{"uv":		[1,15,15,16],"texture":"#side","cullface":"south"},
			"north":{"uv":	[1,15,15,16],"texture":"#side","cullface":"down","rotation":180},
			"south":{"uv":	[1,15,15,16],"texture":"#side","cullface":"south"}
		}
	},
	{
		"__comment": "Frame bottom west",
		"from": [0,0,1],
		"to": [1,1,15],
		"faces": {
			"down":{"uv":	[1,15,15,16],"texture":"#side","cullface":"down","rotation":270},
			"up":{"uv":		[1,15,15,16],"texture":"#side","cullface":"west","rotation":90},
			"east":{"uv":	[1,15,15,16],"texture":"#side","cullface":"down","rotation":180},
			"west":{"uv":	[1,15,15,16],"texture":"#side","cullface":"west"}
		}
	},
	{
		"__comment": "Front side left",
		"from": [13,1,0.5],
		"to": [15,7,1],
		"faces": {
			"up":{"uv":		[1,9,3,10],"texture":"#front","cullface":"north","rotation":180},
			"north":{"uv":	[1,9,3,15],"texture":"#front","cullface":"north"}
		}
	},
	{
		"__comment": "Front side left",
		"from": [10,4,0.5],
		"to": [13,7,1],
		"faces": {
			"up":{"uv":		[3,9,6,10],"texture":"#front","cullface":"north","rotation":180},
			"north":{"uv":	[3,9,6,12],"texture":"#front","cullface":"north"}
		}
	},
	{
		"__comment": "Front side middle",
		"from": [6,6,0.5],
		"to": [10,7,1],
		"faces": {
			"up":{"uv":		[6,9,10,10],"texture":"#front","cullface":"north","rotation":180},
			"north":{"uv":	[6,9,10,10],"texture":"#front","cullface":"north"}
		}
	},
	{
		"__comment": "Front side right",
		"from": [3,4,0.5],
		"to": [6,7,1],
		"faces": {
			"up":{"uv":		[10,9,13,10],"texture":"#front","cullface":"north","rotation":180},
			"north":{"uv":	[10,9,13,12],"texture":"#front","cullface":"north"}
		}
	},
	{
		"__comment": "Front side right",
		"from": [1,1,0.5],
		"to": [3,7,1],
		"faces": {
			"up":{"uv":		[13,9,15,10],"texture":"#front","cullface":"north","rotation":180},
			"north":{"uv":	[13,9,15,15],"texture":"#front","cullface":"north"}
		}
	},
	{
		"__comment": "Front bottom opening middle left",
		"from": [13,1,0],
		"to": [14,3,1.5],
		"faces": {
			"up":{"uv":		[2,13,3,14],"texture":"#front","cullface":"north"},
			"north":{"uv":	[2,13,3,15],"texture":"#front","cullface":"north"},
			"west":{"uv":	[2,13,3,15],"texture":"#front","cullface":"north"},
			"east":{"uv":	[2,13,3,15],"texture":"#front","cullface":"north"}
		}
	},
	{
		"__comment": "Front bottom opening middle left",
		"from": [12,3,0],
		"to": [13,4,1.5],
		"faces": {
			"down":{"uv":	[3,12,4,13],"texture":"#front","cullface":"north"},
			"up":{"uv":		[3,12,4,13],"texture":"#front","cullface":"north"},
			"north":{"uv":	[3,12,4,13],"texture":"#front","cullface":"north"},
			"west":{"uv":	[3,12,4,13],"texture":"#front","cullface":"north"},
			"east":{"uv":	[3,12,4,13],"texture":"#front","cullface":"north"}
		}
	},
	{
		"__comment": "Front bottom opening middle left",
		"from": [10,4,0],
		"to": [12,5,1.5],
		"faces": {
			"down":{"uv":	[4,11,6,12],"texture":"#front","cullface":"north","rotation":180},
			"up":{"uv":		[4,11,6,12],"texture":"#front","cullface":"north","rotation":180},
			"north":{"uv":	[4,11,6,12],"texture":"#front","cullface":"north"},
			"west":{"uv":	[5,11,6,12],"texture":"#front","cullface":"north"},
			"east":{"uv":	[4,11,5,12],"texture":"#front","cullface":"north"}
		}
	},
	{
		"__comment": "Front bottom opening middle right",
		"from": [2,1,0],
		"to": [3,3,1.5],
		"faces": {
			"up":{"uv":		[13,13,14,14],"texture":"#front","cullface":"north"},
			"north":{"uv":	[13,13,14,15],"texture":"#front","cullface":"north"},
			"west":{"uv":	[13,13,14,15],"texture":"#front","cullface":"north"},
			"east":{"uv":	[13,13,14,15],"texture":"#front","cullface":"north"}
		}
	},
	{
		"__comment": "Front bottom opening middle right",
		"from": [3,3,0],
		"to": [4,4,1.5],
		"faces": {
			"down":{"uv":	[12,12,13,13],"texture":"#front","cullface":"north"},
			"up":{"uv":		[12,12,13,13],"texture":"#front","cullface":"north"},
			"north":{"uv":	[12,12,13,13],"texture":"#front","cullface":"north"},
			"west":{"uv":	[12,12,13,13],"texture":"#front","cullface":"north"},
			"east":{"uv":	[12,12,13,13],"texture":"#front","cullface":"north"}
		}
	},
	{
		"__comment": "Front bottom opening middle right",
		"from": [4,4,0],
		"to": [6,5,1.5],
		"faces": {
			"down":{"uv":	[10,11,12,12],"texture":"#front","cullface":"north","rotation":180},
			"up":{"uv":		[10,11,12,12],"texture":"#front","cullface":"north","rotation":180},
			"north":{"uv":	[10,11,12,12],"texture":"#front","cullface":"north"},
			"west":{"uv":	[11,11,12,12],"texture":"#front","cullface":"north"},
			"east":{"uv":	[10,11,11,12],"texture":"#front","cullface":"north"}
		}
	},
		{
		"__comment": "Front bottom opening top",
		"from": [6,5,0],
		"to": [10,6,1.5],
		"faces": {
			"down":{"uv":	[6,10,10,11],"texture":"#front","cullface":"north","rotation":180},
			"up":{"uv":		[6,10,10,11],"texture":"#front","cullface":"north","rotation":180},
			"north":{"uv":	[6,10,10,11],"texture":"#front","cullface":"north"},
			"west":{"uv":	[9,10,10,11],"texture":"#front","cullface":"north"},
			"east":{"uv":	[6,10,7,11],"texture":"#front","cullface":"north"}
		}
	},
	{
		"__comment": "Front bottom",
		"from": [1,7,1],
		"to": [15,8,1],
		"faces": {
			"north":{"uv":	[1,8,15,9],"texture":"#front","cullface":"north"}
		}
	},
	{
		"__comment": "Front left",
		"from": [13,8,1],
		"to": [15,12,1],
		"faces": {
			"north":{"uv":	[1,4,3,8],"texture":"#front","cullface":"north"}
		}
	},
	{
		"__comment": "Front right",
		"from": [1,8,1],
		"to": [3,12,1],
		"faces": {
			"north":{"uv":	[13,4,15,8],"texture":"#front","cullface":"north"}
		}
	},
	{
		"__comment": "Front top",
		"from": [1,12,1],
		"to": [15,15,1],
		"faces": {
			"north":{"uv":	[1,1,15,4],"texture":"#front","cullface":"north"}
		}
	},
	{
		"__comment": "Front top opening bottom",
		"from": [2,8,0.5],
		"to": [14,9,2],
		"faces": {
			"down":{"uv":	[2,7,14,8],"texture":"#front","cullface":"north","rotation":180},
			"up":{"uv":		[2,7,14,8],"texture":"#front","cullface":"north","rotation":180},
			"north":{"uv":	[2,7,14,8],"texture":"#front","cullface":"north"},
			"west":{"uv":	[13,7,14,8],"texture":"#front","cullface":"north"},
			"east":{"uv":	[2,7,3,8],"texture":"#front","cullface":"north"}
		}
	},
	{
		"__comment": "Front top opening middle left",
		"from": [13,9,0.5],
		"to": [14,11,2],
		"faces": {
			"up":{"uv":		[2,5,3,6],"texture":"#front","cullface":"north"},
			"north":{"uv":	[2,5,3,7],"texture":"#front","cullface":"north"},
			"west":{"uv":	[2,5,3,7],"texture":"#front","cullface":"north"},
			"east":{"uv":	[2,5,3,7],"texture":"#front","cullface":"north"}
		}
	},
	{
		"__comment": "Front top opening middle left",
		"from": [12,11,0.5],
		"to": [13,12,2],
		"faces": {
			"down":{"uv":	[3,4,4,5],"texture":"#front","cullface":"north"},
			"up":{"uv":		[3,4,4,5],"texture":"#front","cullface":"north"},
			"north":{"uv":	[3,4,4,5],"texture":"#front","cullface":"north"},
			"west":{"uv":	[3,4,4,5],"texture":"#front","cullface":"north"},
			"east":{"uv":	[3,4,4,5],"texture":"#front","cullface":"north"}
		}
	},
	{
		"__comment": "Front top opening middle right",
		"from": [2,9,0.5],
		"to": [3,11,2],
		"faces": {
			"up":{"uv":		[13,5,14,6],"texture":"#front","cullface":"north"},
			"north":{"uv":	[13,5,14,7],"texture":"#front","cullface":"north"},
			"west":{"uv":	[13,5,14,7],"texture":"#front","cullface":"north"},
			"east":{"uv":	[13,5,14,7],"texture":"#front","cullface":"north"}
		}
	},
	{
		"__comment": "Front top opening middle right",
		"from": [3,11,0.5],
		"to": [4,12,2],
		"faces": {
			"down":{"uv":	[12,4,13,5],"texture":"#front","cullface":"north"},
			"up":{"uv":		[12,4,13,5],"texture":"#front","cullface":"north"},
			"north":{"uv":	[12,4,13,5],"texture":"#front","cullface":"north"},
			"west":{"uv":	[12,4,13,5],"texture":"#front","cullface":"north"},
			"east":{"uv":	[12,4,13,5],"texture":"#front","cullface":"north"}
		}
	},
	{
		"__comment": "Front top opening top",
		"from": [4,12,0.5],
		"to": [12,13,2],
		"faces": {
			"down":{"uv":	[4,3,12,4],"texture":"#front","cullface":"north","rotation":180},
			"up":{"uv":		[4,3,12,4],"texture":"#front","cullface":"north","rotation":180},
			"north":{"uv":	[4,3,12,4],"texture":"#front","cullface":"north"},
			"west":{"uv":	[11,3,12,4],"texture":"#front","cullface":"north"},
			"east":{"uv":	[4,3,5,4],"texture":"#front","cullface":"north"}
		}
	},
	{
		"__comment": "East side",
		"from": [15,1,1],
		"to": [15.5,7,15],
		"faces": {
			"up":{"uv":		[1,9,15,10],"texture":"#side","cullface":"east","rotation":270},
			"east":{"uv":	[1,9,15,15],"texture":"#side","cullface":"east"}
		}
	},
	{
		"__comment": "South side",
		"from": [1,1,15],
		"to": [15,7,15.5],
		"faces": {
			"up":{"uv":		[1,9,15,10],"texture":"#side","cullface":"south"},
			"south":{"uv":	[1,9,15,15],"texture":"#side","cullface":"south"}
		}
	},
	{
		"__comment": "West side",
		"from": [0.5,1,1],
		"to": [1,7,15],
		"faces": {
			"up":{"uv":		[1,9,15,10],"texture":"#side","cullface":"west","rotation":90},
			"west":{"uv":	[1,9,15,15],"texture":"#side","cullface":"west"}
            }
        }
    ]
}